,Price,Age,KM,FuelType,HP,MetColor,Automatic,CC,Doors,Weight,Age_Convered,KM_Per_Month,Age_Converted
0,13500,23.0,46986.0,Diesel,90.0,1.0,0,2000,3,1165,0,2042.9,1.9
1,13750,23.0,72937.0,Diesel,90.0,1.0,0,2000,3,1165,0,3171.2,1.9
2,13950,24.0,41711.0,Diesel,90.0,,0,2000,3,1165,0,1738.0,2.0
3,14950,26.0,48000.0,Diesel,90.0,0.0,0,2000,3,1165,0,1846.2,2.2
4,13750,30.0,38500.0,Diesel,90.0,0.0,0,2000,3,1170,0,1283.3,2.5
5,12950,32.0,61000.0,Diesel,90.0,0.0,0,2000,3,1170,0,1906.2,2.7
6,16900,27.0,,Diesel,,,0,2000,3,1245,0,,2.2
7,18600,30.0,75889.0,,90.0,1.0,0,2000,3,1245,0,2529.6,2.5
8,21500,27.0,19700.0,Petrol,192.0,0.0,0,1800,3,1185,0,729.6,2.2
9,12950,23.0,71138.0,Diesel,,,0,1900,3,1105,0,3093.0,1.9
10,20950,25.0,31461.0,Petrol,192.0,0.0,0,1800,3,1185,0,1258.4,2.1
11,19950,22.0,43610.0,Petrol,192.0,0.0,0,1800,3,1185,0,1982.3,1.8
12,19600,25.0,32189.0,Petrol,192.0,0.0,0,1800,3,1185,0,1287.6,2.1
13,21500,31.0,23000.0,Petrol,192.0,1.0,0,1800,3,1185,0,741.9,2.6
14,22500,32.0,34131.0,Petrol,192.0,1.0,0,1800,3,1185,0,1066.6,2.7
15,22000,28.0,18739.0,Petrol,,0.0,0,1800,3,1185,0,669.2,2.3
16,22750,30.0,34000.0,Petrol,192.0,1.0,0,1800,3,1185,0,1133.3,2.5
17,17950,24.0,21716.0,Petrol,110.0,1.0,0,1600,3,1105,0,904.8,2.0
18,16750,24.0,25563.0,Petrol,110.0,0.0,0,1600,3,1065,0,1065.1,2.0
19,16950,30.0,64359.0,Petrol,110.0,1.0,0,1600,3,1105,0,2145.3,2.5
20,15950,30.0,67660.0,Petrol,110.0,1.0,0,1600,3,1105,0,2255.3,2.5
21,16950,29.0,43905.0,,110.0,0.0,1,1600,3,1170,0,1514.0,2.4
22,15950,28.0,56349.0,Petrol,110.0,1.0,0,1600,3,1120,0,2012.5,2.3
23,16950,28.0,32220.0,Petrol,110.0,1.0,0,1600,3,1120,0,1150.7,2.3
24,16250,29.0,25813.0,Petrol,110.0,1.0,0,1600,3,1120,0,890.1,2.4
25,15950,25.0,28450.0,Petrol,110.0,1.0,0,1600,3,1120,0,1138.0,2.1
26,17495,27.0,34545.0,,110.0,1.0,0,1600,3,1120,0,1279.4,2.2
27,15750,29.0,41415.0,Petrol,110.0,1.0,0,1600,3,1120,0,1428.1,2.4
28,16950,28.0,44142.0,Petrol,110.0,0.0,0,1600,3,1120,0,1576.5,2.3
29,17950,30.0,11090.0,,110.0,,0,1600,3,1120,0,369.7,2.5
30,12950,29.0,9750.0,Petrol,97.0,1.0,0,1400,3,1100,0,336.2,2.4
31,15750,22.0,35199.0,Petrol,97.0,1.0,0,1400,3,1100,0,1600.0,1.8
32,15950,27.0,29510.0,Petrol,97.0,1.0,0,1400,3,1100,0,1093.0,2.2
33,14950,,32692.0,Petrol,97.0,1.0,0,1400,3,1100,0,,
34,15500,22.0,41000.0,Petrol,97.0,1.0,0,1400,3,1100,0,1863.6,1.8
35,15750,26.0,43000.0,Petrol,97.0,0.0,0,1400,3,1100,0,1653.8,2.2
36,15950,25.0,25000.0,Petrol,97.0,0.0,0,1400,3,1100,0,1000.0,2.1
37,14950,23.0,10000.0,Petrol,97.0,1.0,0,1400,3,1100,0,434.8,1.9
38,15750,32.0,25329.0,Petrol,97.0,1.0,0,1400,3,1100,0,791.5,2.7
39,14750,27.0,27500.0,Petrol,97.0,0.0,0,1400,3,1100,0,1018.5,2.2
40,13950,22.0,49059.0,Petrol,97.0,0.0,0,1400,3,1100,0,2230.0,1.8
41,16750,27.0,44068.0,Petrol,97.0,1.0,0,1400,3,1100,0,1632.1,2.2
42,13950,22.0,46961.0,Petrol,97.0,0.0,0,1400,3,1100,0,2134.6,1.8
43,16950,27.0,110404.0,Diesel,90.0,,0,2000,5,1255,0,4089.0,2.2
44,16950,22.0,100250.0,,90.0,0.0,0,2000,5,1255,0,4556.8,1.8
45,19000,23.0,84000.0,Diesel,90.0,,0,2000,5,1270,0,3652.2,1.9
46,17950,27.0,79375.0,Diesel,90.0,1.0,0,2000,5,1255,0,2939.8,2.2
47,15800,22.0,75048.0,Petrol,97.0,1.0,0,1400,5,1110,0,3411.3,1.8
48,17950,22.0,72215.0,Diesel,90.0,1.0,0,2000,5,1255,0,3282.5,1.8
49,21950,31.0,64982.0,Petrol,192.0,,0,1800,5,1195,0,2096.2,2.6
50,17950,22.0,62636.0,Diesel,90.0,1.0,0,2000,5,1255,0,2847.1,1.8
51,15750,30.0,57086.0,Petrol,97.0,1.0,0,1400,5,1110,0,1902.9,2.5
52,20500,26.0,56000.0,Petrol,110.0,1.0,1,1600,5,1180,0,2153.8,2.2
53,21950,27.0,49866.0,Petrol,192.0,1.0,0,1800,5,1195,0,1846.9,2.2
54,15500,25.0,49163.0,Petrol,110.0,0.0,1,1600,5,1165,0,1966.5,2.1
55,13250,,45725.0,Petrol,110.0,1.0,0,1600,5,1075,0,,
56,15250,28.0,43210.0,Petrol,97.0,0.0,0,1400,5,1110,0,1543.2,2.3
57,15250,26.0,43000.0,Petrol,97.0,0.0,0,1400,5,1110,0,1653.8,2.2
58,18950,23.0,39704.0,Petrol,110.0,1.0,1,1600,5,1180,0,1726.3,1.9
59,15999,30.0,38950.0,Petrol,110.0,1.0,0,1600,5,1130,0,1298.3,2.5
60,14950,22.0,37400.0,,97.0,1.0,0,1400,5,1110,0,1700.0,1.8
61,16500,27.0,37177.0,Petrol,110.0,,0,1600,5,1130,0,1376.9,2.2
62,18750,31.0,36544.0,Petrol,110.0,1.0,0,1600,5,1130,0,1178.8,2.6
63,17950,30.0,33511.0,Petrol,110.0,1.0,0,1600,5,1130,0,1117.0,2.5
64,17950,27.0,,Petrol,97.0,1.0,0,1400,5,1110,0,,2.2
65,16950,26.0,32181.0,Petrol,110.0,1.0,0,1600,5,1075,0,1237.7,2.2
66,18950,28.0,30993.0,Petrol,110.0,1.0,0,1600,5,1130,0,1106.9,2.3
67,14950,22.0,30400.0,Petrol,97.0,1.0,0,1400,5,1110,0,1381.8,1.8
68,22250,22.0,30000.0,Diesel,110.0,1.0,0,2000,5,1275,0,1363.6,1.8
69,15950,25.0,29719.0,Petrol,97.0,,0,1400,5,1110,0,1188.8,2.1
70,15950,28.0,29206.0,Petrol,97.0,1.0,0,1400,5,1110,0,1043.1,2.3
71,12995,32.0,29198.0,Petrol,97.0,1.0,0,1400,5,1060,0,912.4,2.7
72,18950,28.0,28817.0,Petrol,110.0,1.0,0,1598,5,1130,0,1029.2,2.3
73,15750,23.0,28227.0,Petrol,97.0,1.0,0,1400,5,1110,0,1227.3,1.9
74,19950,28.0,28000.0,Petrol,110.0,0.0,0,1600,5,1130,0,1000.0,2.3
75,16950,23.0,28000.0,Petrol,110.0,1.0,0,1600,5,1115,0,1217.4,1.9
76,18750,31.0,25266.0,Petrol,110.0,1.0,0,1600,5,1130,0,815.0,2.6
77,18450,27.0,23489.0,Petrol,110.0,0.0,0,1600,5,1115,0,870.0,2.2
78,16895,29.0,22575.0,Petrol,110.0,1.0,0,1600,5,1115,0,778.4,2.4
79,14900,30.0,22000.0,Petrol,97.0,1.0,0,1400,5,1110,0,733.3,2.5
80,18950,25.0,20019.0,Petrol,110.0,1.0,1,1600,5,1180,0,800.8,2.1
81,17250,29.0,20000.0,Petrol,110.0,1.0,0,1600,5,1115,0,689.7,2.4
82,15450,25.0,17003.0,Petrol,97.0,1.0,0,1400,5,1110,0,680.1,2.1
83,17950,,16238.0,Petrol,110.0,1.0,1,1600,5,1180,0,,
84,16650,25.0,15414.0,Petrol,97.0,1.0,0,1400,5,1110,0,616.6,2.1
85,17450,28.0,8537.0,Petrol,110.0,1.0,0,1600,5,1130,0,304.9,2.3
86,14900,30.0,7000.0,,97.0,1.0,0,1400,5,1100,0,233.3,2.5
87,17950,20.0,66966.0,Diesel,90.0,1.0,0,2000,3,1245,0,3348.3,1.7
88,15950,19.0,51884.0,Petrol,97.0,1.0,0,1400,3,1100,0,2730.7,1.6
89,21950,19.0,50005.0,Diesel,110.0,1.0,0,2000,3,1265,0,2631.8,1.6
90,16450,20.0,48110.0,Petrol,97.0,,0,1400,3,1100,0,2405.5,1.7
91,22250,20.0,,Diesel,90.0,1.0,0,2000,3,1260,0,,1.7
92,19950,,34472.0,Diesel,90.0,1.0,0,1995,3,1260,0,,
93,15950,20.0,33329.0,Petrol,97.0,1.0,0,1400,3,1100,0,1666.4,1.7
94,18900,20.0,31850.0,Petrol,110.0,0.0,0,1600,3,1120,0,1592.5,1.7
95,19950,17.0,30351.0,Diesel,90.0,1.0,0,1995,3,1260,0,1785.4,1.4
96,15950,19.0,29435.0,Petrol,97.0,1.0,0,1400,3,1100,0,1549.2,1.6
97,15950,19.0,25948.0,Petrol,97.0,1.0,0,1400,3,1100,0,1365.7,1.6
98,18750,11.0,24500.0,Petrol,110.0,,0,1600,3,1120,0,2227.3,0.9
99,17450,18.0,23902.0,Petrol,97.0,1.0,0,1400,3,1100,0,1327.9,1.5
100,18990,20.0,23175.0,Petrol,110.0,1.0,0,1600,3,1120,0,1158.8,1.7
101,16250,19.0,19200.0,Petrol,97.0,1.0,0,1400,3,1100,0,1010.5,1.6
102,18500,13.0,18000.0,Petrol,71.0,0.0,0,1400,3,1125,0,1384.6,1.1
103,18500,11.0,16123.0,Petrol,110.0,1.0,0,1600,3,1105,0,1465.7,0.9
104,19450,11.0,14635.0,Petrol,110.0,1.0,1,1600,3,1155,0,1330.5,0.9
105,16950,,13748.0,Petrol,97.0,1.0,0,1400,3,1100,0,,
106,18800,14.0,11500.0,Petrol,110.0,1.0,0,1600,3,1045,0,821.4,1.2
107,17450,17.0,10000.0,,97.0,1.0,0,1400,3,1100,0,588.2,1.4
108,17950,20.0,7187.0,Petrol,110.0,1.0,0,1600,3,1105,0,359.4,1.7
109,32500,,1.0,,116.0,0.0,0,2000,5,1480,0,,
110,31000,4.0,4000.0,Diesel,116.0,1.0,0,2000,5,1480,0,1000.0,0.3
111,31275,4.0,1500.0,Diesel,116.0,1.0,0,2000,5,1480,0,375.0,0.3
112,24950,8.0,,Diesel,116.0,1.0,0,2000,5,1320,0,,0.7
113,24950,8.0,13253.0,Diesel,116.0,1.0,0,2000,5,1320,0,1656.6,0.7
114,22950,7.0,10000.0,Diesel,116.0,1.0,0,2000,5,1270,0,1428.6,0.6
115,24990,8.0,6000.0,Diesel,90.0,1.0,0,2000,5,1280,0,750.0,0.7
116,21950,8.0,10841.0,,90.0,1.0,0,2000,5,1270,0,1355.1,0.7
117,17900,,1.0,Petrol,110.0,1.0,0,1600,3,1105,0,,
118,19250,20.0,63000.0,Diesel,90.0,1.0,0,2000,5,1255,0,3150.0,1.7
119,22250,,57313.0,,110.0,1.0,0,2000,5,1275,0,,
120,18950,13.0,57037.0,Petrol,110.0,0.0,0,1600,5,1115,0,4387.5,1.1
121,19950,19.0,51099.0,,90.0,1.0,0,2000,5,1255,0,2689.4,1.6
122,16350,14.0,40010.0,Petrol,110.0,1.0,0,1600,5,1115,0,2857.9,1.2
123,18950,20.0,39115.0,Petrol,110.0,1.0,0,1600,5,1130,0,1955.8,1.7
124,16950,17.0,36012.0,,110.0,0.0,0,1600,5,1130,0,2118.4,1.4
125,21750,16.0,,Petrol,110.0,1.0,0,1600,5,1130,0,,1.3
126,15950,20.0,36000.0,Petrol,110.0,1.0,0,1600,5,1075,0,1800.0,1.7
127,16500,20.0,35000.0,Petrol,97.0,1.0,0,1400,5,1110,0,1750.0,1.7
128,17950,17.0,33740.0,Petrol,97.0,1.0,0,1400,5,1135,0,1984.7,1.4
129,15850,13.0,33477.0,Petrol,110.0,1.0,0,1600,5,1075,0,2575.2,1.1
130,16250,20.0,32627.0,Petrol,97.0,1.0,0,1400,5,1110,0,1631.4,1.7
131,15950,20.0,,Petrol,97.0,1.0,0,1400,5,1110,0,,1.7
132,16250,19.0,29441.0,Petrol,97.0,1.0,0,1400,5,1110,0,1549.5,1.6
133,15950,13.0,29371.0,Petrol,110.0,1.0,0,1600,4,1105,0,2259.3,1.1
134,16500,20.0,29000.0,Petrol,97.0,0.0,0,1400,5,1110,0,1450.0,1.7
135,16500,19.0,27821.0,Petrol,97.0,0.0,0,1400,5,1110,0,1464.3,1.6
136,18450,19.0,27371.0,Petrol,97.0,0.0,0,1400,5,1135,0,1440.6,1.6
137,16250,13.0,25170.0,Petrol,110.0,1.0,0,1600,5,1105,0,1936.2,1.1
138,23000,11.0,25000.0,Diesel,116.0,1.0,0,2000,5,1320,0,2272.7,0.9
139,19900,20.0,23000.0,Petrol,110.0,1.0,0,1600,5,1130,0,1150.0,1.7
140,16450,20.0,22588.0,Petrol,97.0,1.0,0,1400,5,1110,0,1129.4,1.7
141,23950,19.0,21684.0,Petrol,192.0,1.0,0,1800,5,1185,0,1141.3,1.6
142,19950,13.0,21428.0,Petrol,110.0,1.0,0,1600,5,1130,0,1648.3,1.1
143,18500,16.0,20629.0,Petrol,110.0,1.0,0,1600,4,1090,0,1289.3,1.3
144,18950,15.0,20270.0,Petrol,110.0,,0,1600,5,1130,0,1351.3,1.2
145,16450,16.0,20105.0,Petrol,97.0,0.0,0,1400,5,1110,0,1256.6,1.3
146,20500,20.0,20000.0,Petrol,110.0,0.0,1,1600,5,1165,0,1000.0,1.7
147,24500,13.0,19988.0,Petrol,110.0,1.0,0,1600,5,1130,0,1537.5,1.1
148,19450,19.0,18328.0,Petrol,110.0,0.0,0,1600,5,1130,0,964.6,1.6
149,20950,14.0,17896.0,Petrol,110.0,1.0,1,1600,4,1150,0,1278.3,1.2
150,17200,20.0,17300.0,Petrol,97.0,1.0,0,1400,5,1110,0,865.0,1.7
151,19950,19.0,17038.0,Petrol,110.0,0.0,0,1600,5,1130,0,896.7,1.6
152,18450,10.0,13747.0,Petrol,97.0,1.0,0,1400,5,1110,0,1374.7,0.8
153,19500,12.0,13634.0,Petrol,110.0,1.0,0,1600,5,1115,0,1136.2,1.0
154,21750,13.0,13178.0,Petrol,110.0,1.0,0,1600,5,1130,0,1013.7,1.1
155,16868,15.0,13157.0,,97.0,1.0,0,1400,4,1085,0,877.1,1.2
156,19500,16.0,13000.0,,110.0,1.0,0,1600,4,1105,0,812.5,1.3
157,18900,11.0,12500.0,Petrol,110.0,1.0,0,1600,5,1115,0,1136.4,0.9
158,19750,17.0,11999.0,Petrol,110.0,1.0,0,1600,5,1130,0,705.8,1.4
159,19750,16.0,11754.0,Petrol,110.0,0.0,1,1600,5,1180,0,734.6,1.3
160,18950,16.0,11000.0,,110.0,,0,1600,4,1105,0,687.5,1.3
161,20750,17.0,10000.0,Petrol,110.0,0.0,0,1598,5,1105,0,588.2,1.4
162,19600,9.0,7650.0,Petrol,110.0,1.0,0,1600,5,1115,0,850.0,0.8
163,19500,14.0,6500.0,,110.0,,0,1600,4,1100,0,464.3,1.2
164,17650,11.0,6155.0,Petrol,97.0,1.0,0,1400,5,1110,0,559.5,0.9
165,19950,14.0,6000.0,Petrol,110.0,0.0,0,1600,5,1130,0,428.6,1.2
166,19950,14.0,5459.0,Petrol,110.0,1.0,0,1600,5,1130,0,389.9,1.2
167,20950,14.0,5278.0,Petrol,110.0,1.0,1,1600,4,1150,0,377.0,1.2
168,20500,12.0,5000.0,Petrol,110.0,1.0,0,1600,5,1130,0,416.7,1.0
169,17795,9.0,1.0,Petrol,98.0,1.0,0,1400,4,1065,0,0.1,0.8
170,18245,9.0,1.0,Petrol,110.0,1.0,0,1600,5,1075,0,0.1,0.8
171,23750,8.0,11000.0,Petrol,110.0,1.0,0,1600,5,1130,0,1375.0,0.7
172,19500,8.0,10077.0,Petrol,97.0,1.0,0,1400,5,1110,0,1259.6,0.7
173,18950,8.0,10000.0,Petrol,97.0,1.0,0,1400,5,1110,0,1250.0,0.7
174,21950,8.0,9788.0,Petrol,110.0,1.0,0,1600,5,1130,0,1223.5,0.7
175,19950,8.0,8574.0,Petrol,110.0,1.0,0,1600,5,1130,0,1071.8,0.7
176,18950,8.0,7000.0,Petrol,110.0,0.0,0,1600,5,1115,0,875.0,0.7
177,19950,7.0,6250.0,Petrol,110.0,1.0,0,1600,5,1115,0,892.9,0.6
178,21950,8.0,5000.0,Petrol,110.0,1.0,0,1600,5,1130,0,625.0,0.7
179,22500,6.0,3000.0,Petrol,110.0,0.0,0,1600,5,1130,0,500.0,0.5
180,18500,7.0,2000.0,Petrol,110.0,0.0,0,1600,5,1075,0,285.7,0.6
181,18700,7.0,450.0,Petrol,97.0,1.0,0,1400,5,1110,0,64.3,0.6
182,21125,2.0,225.0,Petrol,97.0,1.0,0,1400,5,1110,0,112.5,0.2
183,21500,,15.0,Petrol,110.0,1.0,0,1600,5,1130,0,,
184,17795,1.0,1.0,Petrol,98.0,1.0,0,1400,4,1100,0,1.0,0.1
185,18245,1.0,1.0,Petrol,110.0,1.0,0,1600,5,1075,0,1.0,0.1
186,6950,43.0,243000.0,Diesel,69.0,0.0,0,1900,3,1110,0,5651.2,3.6
187,9500,38.0,180638.0,Diesel,90.0,0.0,0,2000,4,1160,0,4753.6,3.2
188,11950,40.0,179860.0,Diesel,90.0,1.0,0,2000,5,1205,0,4496.5,3.3
189,7750,43.0,178858.0,CNG,110.0,0.0,0,1600,3,1084,0,4159.5,3.6
190,11950,40.0,161000.0,Diesel,69.0,1.0,0,1900,3,1105,0,4025.0,3.3
191,4350,44.0,158320.0,Diesel,69.0,0.0,0,1800,5,1110,0,3598.2,3.7
192,4750,44.0,131273.0,Diesel,69.0,1.0,0,1800,5,1110,0,2983.5,3.7
193,11750,40.0,130062.0,Diesel,69.0,1.0,0,1900,5,1140,0,3251.6,3.3
194,13250,41.0,123425.0,Diesel,69.0,1.0,0,1900,5,1140,0,3010.4,3.4
195,11950,37.0,118217.0,Petrol,110.0,1.0,0,1600,5,1075,0,3195.1,3.1
196,11900,44.0,110000.0,Diesel,69.0,1.0,0,1900,5,1095,0,2500.0,3.7
197,14750,39.0,108847.0,Diesel,90.0,1.0,0,2000,5,1205,0,2790.9,3.2
198,9950,42.0,105699.0,Petrol,97.0,1.0,0,1400,3,1025,0,2516.6,3.5
199,11950,,98823.0,CNG,110.0,1.0,0,1600,5,1119,0,,
200,11495,44.0,96829.0,Petrol,110.0,,0,1600,5,1075,0,2200.7,3.7
201,11250,40.0,96518.0,Petrol,97.0,1.0,0,1400,3,1025,0,2413.0,3.3
202,10500,42.0,92204.0,Petrol,110.0,1.0,0,1600,5,1075,0,2195.3,3.5
203,10450,35.0,91456.0,Diesel,69.0,1.0,0,1900,3,1110,0,2613.0,2.9
204,12950,43.0,89968.0,Diesel,69.0,1.0,0,1900,5,1140,0,2092.3,3.6
205,11500,44.0,89757.0,Petrol,110.0,1.0,0,1600,3,1045,0,2039.9,3.7
206,12500,40.0,85389.0,Petrol,110.0,1.0,0,1600,5,1075,0,2134.7,3.3
207,10950,43.0,85017.0,,97.0,0.0,0,1400,5,1060,0,1977.1,3.6
208,11450,41.0,84312.0,Petrol,110.0,0.0,0,1600,5,1080,0,2056.4,3.4
209,11950,37.0,82743.0,CNG,110.0,1.0,0,1600,5,1121,0,2236.3,3.1
210,13250,41.0,81106.0,Diesel,69.0,1.0,0,1900,5,1140,0,1978.2,3.4
211,14750,40.0,80425.0,Diesel,90.0,1.0,0,2000,5,1205,0,2010.6,3.3
212,11790,34.0,78677.0,Petrol,110.0,1.0,1,1600,5,1105,0,2314.0,2.8
213,11450,40.0,78425.0,Petrol,110.0,,0,1600,5,1075,0,1960.6,3.3
214,13500,33.0,78108.0,Diesel,90.0,1.0,0,2000,3,1170,0,2366.9,2.8
215,10950,33.0,77321.0,Petrol,110.0,1.0,0,1600,5,1075,0,2343.1,2.8
216,13500,33.0,75699.0,Diesel,69.0,0.0,0,1900,3,1105,0,2293.9,2.8
217,10950,41.0,75697.0,Petrol,97.0,1.0,0,1400,3,1025,0,1846.3,3.4
218,10950,44.0,74846.0,Petrol,97.0,,0,1400,3,1025,0,1701.0,3.7
219,12950,38.0,74319.0,Petrol,110.0,1.0,0,1600,5,1075,0,1955.8,3.2
220,11950,,74285.0,Petrol,110.0,1.0,0,1600,5,1075,0,,
221,12450,44.0,74172.0,Petrol,110.0,1.0,0,1600,5,1615,0,1685.7,3.7
222,11950,40.0,73042.0,Petrol,110.0,1.0,0,1598,5,1075,0,1826.0,3.3
223,14950,44.0,71793.0,CNG,110.0,,0,1600,4,1067,0,1631.7,3.7
224,12450,35.0,71200.0,Petrol,110.0,1.0,0,1600,5,1075,0,2034.3,2.9
225,12950,38.0,67805.0,Petrol,110.0,1.0,0,1600,5,1075,0,1784.3,3.2
226,11950,,65988.0,Petrol,110.0,,0,1600,3,1040,0,,
227,11690,,65345.0,Petrol,97.0,1.0,0,1400,5,1060,0,,
228,12450,42.0,64564.0,Petrol,110.0,1.0,0,1600,5,1080,0,1537.2,3.5
229,12750,36.0,63459.0,Petrol,97.0,1.0,0,1400,5,1060,0,1762.8,3.0
230,11925,,63451.0,Petrol,97.0,0.0,0,1400,3,1025,0,,
231,12950,33.0,62000.0,Petrol,110.0,1.0,0,1600,5,1075,0,1878.8,2.8
232,11950,42.0,61300.0,Petrol,97.0,1.0,0,1400,3,1030,0,1459.5,3.5
233,12900,41.0,61200.0,Petrol,110.0,1.0,0,1600,3,1045,0,1492.7,3.4
234,11900,41.0,61000.0,Petrol,110.0,0.0,0,1600,5,1075,0,1487.8,3.4
235,11650,38.0,60829.0,Petrol,110.0,,0,1600,5,1075,0,1600.8,3.2
236,10950,44.0,60500.0,Petrol,110.0,0.0,0,1600,5,1075,0,1375.0,3.7
237,13950,35.0,59500.0,Diesel,69.0,,0,1900,3,1110,0,1700.0,2.9
238,13950,44.0,59000.0,Petrol,110.0,0.0,1,1600,5,1110,0,1340.9,3.7
239,11950,40.0,58954.0,Petrol,110.0,1.0,0,1600,5,1080,0,1473.8,3.3
240,10950,38.0,58798.0,Petrol,110.0,1.0,0,1600,5,1075,0,1547.3,3.2
241,12450,38.0,58363.0,Petrol,110.0,1.0,0,1600,3,1055,0,1535.9,3.2
242,11950,43.0,58277.0,Petrol,110.0,,0,1600,3,1045,0,1355.3,3.6
243,13500,33.0,57711.0,Diesel,90.0,1.0,0,2000,3,1165,0,1748.8,2.8
244,11690,33.0,57269.0,Petrol,110.0,1.0,0,1600,5,1075,0,1735.4,2.8
245,13500,39.0,56001.0,Petrol,110.0,1.0,0,1600,5,1075,0,1435.9,3.2
246,11950,42.0,55968.0,Petrol,110.0,,0,1600,3,1050,0,1332.6,3.5
247,12900,,55678.0,Petrol,110.0,1.0,0,1600,4,1030,0,,
248,13500,43.0,55539.0,Petrol,110.0,1.0,0,1600,5,1085,0,1291.6,3.6
249,11750,42.0,55400.0,Petrol,110.0,0.0,0,1600,5,1075,0,1319.0,3.5
250,11750,33.0,55350.0,Petrol,110.0,0.0,0,1600,5,1075,0,1677.3,2.8
251,10850,43.0,54600.0,Petrol,110.0,0.0,0,1600,4,1030,0,1269.8,3.6
252,11750,43.0,53773.0,Petrol,110.0,1.0,0,1600,5,1075,0,1250.5,3.6
253,14950,42.0,53719.0,Petrol,110.0,1.0,1,1600,5,1105,0,1279.0,3.5
254,9940,39.0,53644.0,Petrol,110.0,1.0,0,1600,5,1075,0,1375.5,3.2
255,12900,42.0,53350.0,Petrol,110.0,0.0,0,1600,5,1075,0,1270.2,3.5
256,13500,38.0,53000.0,Petrol,110.0,1.0,0,1600,5,1075,0,1394.7,3.2
257,11750,44.0,52084.0,Petrol,97.0,1.0,0,1400,3,1025,0,1183.7,3.7
258,11950,44.0,52000.0,Petrol,97.0,0.0,0,1400,3,1025,0,1181.8,3.7
259,13450,33.0,51945.0,Petrol,110.0,1.0,0,1600,5,1075,0,1574.1,2.8
260,11950,41.0,51732.0,Petrol,97.0,1.0,0,1400,3,1025,0,1261.8,3.4
261,12495,39.0,50873.0,Petrol,110.0,,0,1600,5,1075,0,1304.4,3.2
262,13500,41.0,50856.0,Petrol,110.0,0.0,0,1600,4,1030,0,1240.4,3.4
263,12750,40.0,50640.0,Petrol,110.0,1.0,0,1600,5,1075,0,1266.0,3.3
264,12000,39.0,50000.0,Petrol,97.0,1.0,0,1400,5,1060,0,1282.1,3.2
265,11950,38.0,49500.0,Petrol,110.0,1.0,0,1600,5,1075,0,1302.6,3.2
266,12495,44.0,49332.0,Petrol,110.0,1.0,0,1600,5,1080,0,1121.2,3.7
267,12450,34.0,49291.0,Petrol,110.0,1.0,0,1600,3,1040,0,1449.7,2.8
268,14750,40.0,48952.0,Diesel,90.0,1.0,0,2000,5,1205,0,1223.8,3.3
269,10950,39.0,48945.0,Petrol,110.0,0.0,0,1600,3,1040,0,1255.0,3.2
270,13500,33.0,48928.0,Diesel,69.0,,0,1900,3,1105,0,1482.7,2.8
271,12950,38.0,48197.0,Petrol,110.0,1.0,0,1600,5,1075,0,1268.3,3.2
272,13500,35.0,48052.0,Diesel,69.0,,0,1900,3,1105,0,1372.9,2.9
273,13450,,48011.0,Petrol,110.0,1.0,0,1600,4,1030,0,,
274,13500,43.0,48000.0,Petrol,110.0,1.0,0,1600,5,1075,0,1116.3,3.6
275,11480,41.0,47350.0,Petrol,110.0,1.0,0,1600,5,1075,0,1154.9,3.4
276,13450,39.0,46821.0,Petrol,97.0,1.0,0,1400,5,1060,0,1200.5,3.2
277,11495,39.0,46694.0,Petrol,110.0,0.0,0,1600,3,1040,0,1197.3,3.2
278,12750,43.0,46515.0,Petrol,97.0,0.0,0,1400,5,1025,0,1081.7,3.6
279,14990,38.0,46327.0,Petrol,110.0,1.0,0,1600,3,1055,0,1219.1,3.2
280,12950,35.0,46304.0,Petrol,97.0,1.0,0,1400,5,1060,0,1323.0,2.9
281,12950,40.0,45886.0,Petrol,110.0,1.0,0,1600,5,1080,0,1147.2,3.3
282,12850,39.0,45713.0,Petrol,97.0,1.0,0,1400,5,1085,0,1172.1,3.2
283,13950,40.0,45600.0,Petrol,110.0,1.0,1,1600,5,1105,0,1140.0,3.3
284,11950,41.0,45287.0,Petrol,110.0,1.0,0,1600,5,1075,0,1104.6,3.4
285,12950,39.0,45081.0,Petrol,110.0,1.0,0,1600,5,1075,0,1155.9,3.2
286,11700,40.0,44830.0,Petrol,110.0,,0,1600,5,1075,0,1120.8,3.3
287,9950,37.0,44757.0,Petrol,97.0,,0,1400,3,1025,0,1209.6,3.1
288,11895,44.0,44218.0,Petrol,97.0,1.0,0,1400,5,1060,0,1005.0,3.7
289,12950,43.0,43632.0,Petrol,110.0,1.0,0,1600,5,1075,0,1014.7,3.6
290,12500,36.0,43427.0,Petrol,110.0,1.0,0,1600,3,1040,0,1206.3,3.0
291,13875,39.0,43254.0,Petrol,110.0,1.0,0,1600,5,1075,0,1109.1,3.2
292,10500,35.0,43000.0,Petrol,110.0,0.0,0,1600,3,1050,0,1228.6,2.9
293,12295,33.0,42823.0,Petrol,110.0,1.0,0,1600,5,1075,0,1297.7,2.8
294,13950,42.0,42560.0,Petrol,110.0,1.0,0,1600,5,1080,0,1013.3,3.5
295,10950,38.0,41754.0,Petrol,110.0,0.0,0,1600,3,1040,0,1098.8,3.2
296,12950,44.0,41499.0,CNG,110.0,1.0,0,1600,5,1103,0,943.2,3.7
297,12850,40.0,41339.0,Petrol,110.0,1.0,0,1600,5,1080,0,1033.5,3.3
298,13995,35.0,41000.0,Petrol,110.0,1.0,0,1600,5,1075,0,1171.4,2.9
299,13750,39.0,40000.0,Petrol,110.0,1.0,0,1600,3,1055,0,1025.6,3.2
300,12750,37.0,39757.0,Petrol,110.0,1.0,0,1600,5,1075,0,1074.5,3.1
301,12500,41.0,39659.0,Petrol,110.0,,0,1600,3,1045,0,967.3,3.4
302,13950,43.0,39650.0,Petrol,110.0,0.0,0,1600,3,1055,0,922.1,3.6
303,11500,39.0,39524.0,Petrol,97.0,,0,1398,3,1025,0,1013.4,3.2
304,13950,44.0,39516.0,Petrol,97.0,1.0,0,1400,5,1060,0,898.1,3.7
305,11895,41.0,39439.0,Petrol,97.0,0.0,0,1400,5,1060,0,961.9,3.4
306,9950,44.0,39000.0,Petrol,97.0,1.0,0,1400,3,1025,0,886.4,3.7
307,13500,42.0,38932.0,Petrol,110.0,1.0,0,1600,3,1040,0,927.0,3.5
308,11450,37.0,38812.0,Petrol,97.0,,0,1400,3,1025,0,1049.0,3.1
309,12450,42.0,38665.0,Petrol,110.0,1.0,0,1600,5,1075,0,920.6,3.5
310,12950,40.0,38653.0,Petrol,110.0,1.0,0,1600,5,1080,0,966.3,3.3
311,13995,44.0,38461.0,Petrol,110.0,,0,1600,5,1080,0,874.1,3.7
312,11750,42.0,38078.0,Petrol,97.0,0.0,0,1400,3,1025,0,906.6,3.5
313,11650,39.0,37782.0,Petrol,97.0,1.0,0,1400,5,1060,0,968.8,3.2
314,9950,43.0,37576.0,Petrol,97.0,0.0,0,1400,3,1030,0,873.9,3.6
315,13950,41.0,37533.0,Petrol,110.0,1.0,0,1600,5,1075,0,915.4,3.4
316,12950,44.0,37389.0,Petrol,110.0,1.0,0,1600,5,1080,0,849.8,3.7
317,10950,38.0,37320.0,Petrol,97.0,1.0,0,1400,3,1025,0,982.1,3.2
318,9900,42.0,37000.0,Petrol,97.0,1.0,0,1400,3,1025,0,881.0,3.5
319,11950,44.0,37000.0,Petrol,110.0,0.0,0,1600,4,1075,0,840.9,3.7
320,11990,40.0,36566.0,Petrol,110.0,0.0,0,1600,5,1090,0,914.2,3.3
321,10750,36.0,36269.0,,110.0,1.0,0,1600,5,1075,0,1007.5,3.0
322,13950,37.0,36074.0,Petrol,110.0,1.0,1,1600,5,1075,0,975.0,3.1
323,11250,44.0,36066.0,Petrol,110.0,1.0,0,1600,3,1040,0,819.7,3.7
324,12950,39.0,34599.0,Petrol,110.0,1.0,0,1600,5,1075,0,887.2,3.2
325,11950,41.0,34000.0,Petrol,110.0,1.0,0,1600,5,1075,0,829.3,3.4
326,10950,42.0,33623.0,Petrol,97.0,1.0,0,1400,3,1025,0,800.5,3.5
327,12950,33.0,33591.0,Petrol,110.0,1.0,0,1600,5,1075,0,1017.9,2.8
328,12950,35.0,33258.0,Petrol,110.0,,0,1600,5,1075,0,950.2,2.9
329,11695,43.0,33113.0,,110.0,1.0,0,1600,5,1075,0,770.1,3.6
330,11000,41.0,33000.0,Petrol,110.0,1.0,1,1600,5,1075,0,804.9,3.4
331,13950,,32941.0,Petrol,110.0,1.0,0,1600,5,1080,0,,
332,11950,38.0,32781.0,,110.0,0.0,0,1600,5,1075,0,862.7,3.2
333,11750,40.0,32532.0,,110.0,1.0,0,1600,3,1040,0,813.3,3.3
334,12400,34.0,32431.0,,97.0,1.0,0,1400,5,1060,0,953.9,2.8
335,12500,35.0,32000.0,Petrol,110.0,0.0,0,1600,3,1040,0,914.3,2.9
336,12900,33.0,31000.0,Petrol,110.0,1.0,0,1600,5,1075,0,939.4,2.8
337,12200,41.0,30989.0,Petrol,110.0,0.0,0,1600,3,1045,0,755.8,3.4
338,12750,43.0,30742.0,Petrol,110.0,1.0,0,1600,3,1040,0,714.9,3.6
339,11950,42.0,30190.0,Petrol,110.0,1.0,0,1600,5,1075,0,718.8,3.5
340,11900,41.0,29716.0,Petrol,116.0,1.0,0,1600,5,1075,0,724.8,3.4
341,11950,44.0,29716.0,,110.0,1.0,1,1600,3,1070,0,675.4,3.7
342,14950,42.0,29640.0,Petrol,110.0,,0,1600,3,1055,0,705.7,3.5
343,11950,41.0,29056.0,Petrol,97.0,1.0,0,1400,5,1060,0,708.7,3.4
344,12950,33.0,28715.0,Petrol,110.0,1.0,0,1600,5,1075,0,870.2,2.8
345,14950,41.0,28571.0,Petrol,110.0,0.0,0,1600,5,1090,0,696.9,3.4
346,13450,40.0,28362.0,Petrol,110.0,1.0,0,1600,3,1040,0,709.0,3.3
347,13750,38.0,28150.0,Petrol,110.0,,0,1600,5,1075,0,740.8,3.2
348,12950,43.0,27301.0,,110.0,1.0,0,1600,3,1040,0,634.9,3.6
349,12750,33.0,27240.0,Petrol,110.0,1.0,0,1600,5,1075,0,825.5,2.8
350,11895,39.0,27170.0,Petrol,97.0,1.0,0,1400,5,1060,0,696.7,3.2
351,9950,42.0,27141.0,Petrol,97.0,1.0,0,1400,5,1060,0,646.2,3.5
352,12450,38.0,26262.0,Petrol,110.0,1.0,0,1600,5,1075,0,691.1,3.2
353,12500,38.0,26000.0,Petrol,97.0,1.0,0,1400,5,1060,0,684.2,3.2
354,14950,43.0,25228.0,Petrol,110.0,1.0,0,1600,3,1045,0,586.7,3.6
355,13750,39.0,25062.0,Petrol,110.0,,0,1600,5,1080,0,642.6,3.2
356,12695,39.0,24723.0,Petrol,110.0,1.0,1,1600,4,1060,0,633.9,3.2
357,14990,,24650.0,Petrol,110.0,1.0,0,1600,3,1055,0,,
358,12750,43.0,24553.0,Petrol,110.0,1.0,0,1600,5,1080,0,571.0,3.6
359,14350,41.0,24475.0,Petrol,110.0,,0,1600,5,1030,0,597.0,3.4
360,12950,39.0,24444.0,Petrol,110.0,,0,1600,3,1040,0,626.8,3.2
361,11500,35.0,24011.0,Petrol,97.0,0.0,0,1400,3,1025,0,686.0,2.9
362,11950,41.0,24000.0,Petrol,97.0,1.0,0,1400,3,1025,0,585.4,3.4
363,13450,40.0,23616.0,Petrol,110.0,1.0,0,1600,5,1075,0,590.4,3.3
364,12900,38.0,22865.0,Petrol,110.0,1.0,0,1600,5,1075,0,601.7,3.2
365,10500,41.0,22780.0,Petrol,86.0,,0,1300,5,1035,0,555.6,3.4
366,10950,35.0,21904.0,Petrol,97.0,0.0,0,1400,3,1025,0,625.8,2.9
367,11950,41.0,21651.0,Petrol,97.0,0.0,0,1400,3,1025,0,528.1,3.4
368,11450,37.0,21500.0,Petrol,110.0,1.0,0,1600,5,1030,0,581.1,3.1
369,13250,44.0,21027.0,Petrol,110.0,1.0,0,1600,5,1080,0,477.9,3.7
370,10250,39.0,18500.0,Petrol,110.0,0.0,0,1600,4,1030,0,474.4,3.2
371,13995,35.0,18000.0,Petrol,110.0,1.0,0,1600,5,1075,0,514.3,2.9
372,11950,40.0,17051.0,,97.0,0.0,0,1400,5,1060,0,426.3,3.3
373,13250,33.0,16512.0,Petrol,97.0,1.0,0,1400,5,1085,0,500.4,2.8
374,12950,40.0,16325.0,Petrol,110.0,1.0,0,1600,5,1080,0,408.1,3.3
375,11750,38.0,16000.0,Petrol,97.0,1.0,0,1400,5,1060,0,421.1,3.2
376,11500,39.0,12000.0,Petrol,110.0,1.0,0,1600,5,1075,0,307.7,3.2
377,13500,43.0,10000.0,Petrol,97.0,1.0,0,1400,5,1060,0,232.6,3.6
378,6500,53.0,216000.0,Diesel,69.0,0.0,0,1900,3,1110,0,4075.5,4.4
379,6400,51.0,198167.0,Diesel,69.0,0.0,0,1900,4,1095,0,3885.6,4.2
380,7000,53.0,176000.0,Diesel,69.0,0.0,0,1900,3,1105,0,3320.8,4.4
381,7750,54.0,174139.0,Diesel,72.0,1.0,0,2000,4,1100,0,3224.8,4.5
382,8900,45.0,174000.0,Diesel,69.0,,0,1900,5,1095,0,3866.7,3.8
383,8500,55.0,150000.0,CNG,110.0,1.0,0,1600,3,1075,0,2727.3,4.6
384,8950,54.0,149329.0,Diesel,72.0,1.0,0,2000,5,1135,0,2765.4,4.5
385,9900,51.0,146736.0,Petrol,110.0,1.0,0,1600,5,1080,0,2877.2,4.2
386,10250,53.0,143513.0,Diesel,69.0,0.0,0,1900,5,1140,0,2707.8,4.4
387,9250,48.0,142130.0,CNG,110.0,0.0,0,1600,5,1119,0,2961.0,4.0
388,7750,48.0,140700.0,Diesel,69.0,1.0,0,1900,5,1110,0,2931.2,4.0
389,9450,,138394.0,Diesel,69.0,1.0,0,1900,4,1095,0,,
390,7750,55.0,137000.0,Diesel,72.0,,0,2000,5,1135,0,2490.9,4.6
391,8250,52.0,135258.0,Diesel,69.0,1.0,0,1900,5,1140,0,2601.1,4.3
392,9950,49.0,131364.0,Petrol,110.0,1.0,0,1600,5,1075,0,2680.9,4.1
393,4450,56.0,129155.0,Diesel,69.0,0.0,0,1800,5,1110,0,2306.3,4.7
394,9950,50.0,126110.0,Petrol,110.0,0.0,0,1600,3,1055,0,2522.2,4.2
395,9000,48.0,119742.0,,110.0,1.0,0,1600,5,1080,0,2494.6,4.0
396,9950,53.0,117913.0,Diesel,69.0,1.0,0,1900,5,1110,0,2224.8,4.4
397,12450,47.0,117430.0,Diesel,90.0,,0,2000,3,1165,0,2498.5,3.9
398,10500,55.0,,Petrol,110.0,1.0,0,1600,4,1035,0,,4.6
399,10750,54.0,115558.0,Petrol,110.0,1.0,0,1600,4,1035,0,2140.0,4.5
400,8950,53.0,115113.0,Petrol,97.0,1.0,0,1400,3,1025,0,2171.9,4.4
401,10500,54.0,115046.0,Diesel,69.0,1.0,0,1900,5,1140,0,2130.5,4.5
402,5150,56.0,113997.0,Diesel,72.0,1.0,0,2000,5,1135,0,2035.7,4.7
403,10950,49.0,107859.0,Petrol,97.0,0.0,0,1400,5,1060,0,2201.2,4.1
404,9450,,104805.0,Petrol,97.0,1.0,0,1400,3,1025,0,,
405,9950,54.0,103454.0,Petrol,110.0,1.0,0,1600,5,1075,0,1915.8,4.5
406,10950,51.0,103018.0,,69.0,0.0,0,1900,5,1140,0,2020.0,4.2
407,11900,47.0,102352.0,,110.0,1.0,0,1600,5,1080,0,2177.7,3.9
408,9950,50.0,102030.0,Petrol,97.0,1.0,0,1400,5,1060,0,2040.6,4.2
409,11950,54.0,101352.0,Petrol,110.0,0.0,0,1600,5,1080,0,1876.9,4.5
410,7900,50.0,99865.0,Petrol,110.0,1.0,0,1600,4,1035,0,1997.3,4.2
411,10950,52.0,99323.0,Petrol,110.0,,0,1600,3,1055,0,1910.1,4.3
412,8950,48.0,98100.0,,69.0,1.0,0,1900,5,1140,0,2043.8,4.0
413,11950,51.0,98040.0,Petrol,110.0,0.0,0,1600,5,1080,0,1922.4,4.2
414,10900,49.0,97600.0,Petrol,110.0,1.0,0,1600,3,1045,0,1991.8,4.1
415,9950,55.0,97234.0,Petrol,110.0,0.0,0,1600,5,1080,0,1767.9,4.6
416,9950,51.0,96135.0,Diesel,72.0,0.0,0,2000,3,1115,0,1885.0,4.2
417,10950,54.0,96100.0,Petrol,110.0,1.0,0,1600,5,1080,0,1779.6,4.5
418,8950,55.0,94401.0,Diesel,72.0,0.0,0,2000,3,1115,0,1716.4,4.6
419,8950,55.0,94122.0,Petrol,86.0,1.0,0,1300,3,1015,0,1711.3,4.6
420,10500,49.0,91340.0,,110.0,1.0,0,1600,3,1055,0,1864.1,4.1
421,8950,53.0,90200.0,Petrol,97.0,0.0,0,1400,3,1025,0,1701.9,4.4
422,9250,53.0,90097.0,Diesel,69.0,1.0,0,1900,5,1140,0,1699.9,4.4
423,11500,48.0,89049.0,Petrol,97.0,1.0,0,1400,5,1060,0,1855.2,4.0
424,9750,52.0,89000.0,Petrol,110.0,0.0,0,1600,5,1075,0,1711.5,4.3
425,9950,45.0,87274.0,Petrol,110.0,1.0,0,1600,3,1040,0,1939.4,3.8
426,11450,49.0,86221.0,Petrol,110.0,0.0,0,1600,3,1045,0,1759.6,4.1
427,12500,54.0,84598.0,Petrol,110.0,0.0,0,1600,5,1075,0,1566.6,4.5
428,10500,50.0,83567.0,Petrol,110.0,0.0,0,1600,5,1075,0,1671.3,4.2
429,12950,50.0,83106.0,,110.0,1.0,0,1600,5,1075,0,1662.1,4.2
430,12200,50.0,82805.0,Petrol,110.0,1.0,0,1600,3,1040,0,1656.1,4.2
431,10950,50.0,82735.0,Petrol,97.0,1.0,0,1400,3,1030,0,1654.7,4.2
432,10950,54.0,81905.0,Petrol,110.0,1.0,0,1600,5,1105,0,1516.8,4.5
433,11290,49.0,80320.0,Petrol,110.0,1.0,1,1600,3,1070,0,1639.2,4.1
434,10750,49.0,80090.0,Petrol,97.0,1.0,0,1400,3,1030,0,1634.5,4.1
435,10895,53.0,79800.0,Petrol,110.0,0.0,0,1600,5,1075,0,1505.7,4.4
436,11500,47.0,78785.0,CNG,110.0,1.0,0,1600,5,1119,0,1676.3,3.9
437,9750,48.0,78600.0,Petrol,110.0,1.0,0,1600,5,1075,0,1637.5,4.0
438,10250,55.0,77780.0,Petrol,110.0,,0,1600,3,1040,0,1414.2,4.6
439,12500,49.0,77648.0,Petrol,110.0,0.0,0,1600,4,1030,0,1584.7,4.1
440,11950,54.0,77270.0,,110.0,1.0,0,1600,4,1035,0,1430.9,4.5
441,10750,50.0,76167.0,Petrol,97.0,1.0,0,1400,5,1060,0,1523.3,4.2
442,11450,46.0,75249.0,Petrol,110.0,1.0,0,1600,4,1035,0,1635.8,3.8
443,11950,54.0,75231.0,Petrol,110.0,1.0,0,1600,5,1080,0,1393.2,4.5
444,11750,48.0,75045.0,Petrol,110.0,1.0,0,1600,3,1055,0,1563.4,4.0
445,10950,50.0,74849.0,Petrol,110.0,1.0,1,1600,4,1060,0,1497.0,4.2
446,11950,55.0,74715.0,Petrol,110.0,1.0,0,1600,5,1080,0,1358.5,4.6
447,10995,49.0,74656.0,Diesel,69.0,0.0,0,1900,3,1105,0,1523.6,4.1
448,11450,56.0,74500.0,Petrol,97.0,0.0,0,1400,3,1025,0,1330.4,4.7
449,8900,49.0,74494.0,Petrol,110.0,1.0,0,1600,5,1075,0,1520.3,4.1
450,10500,50.0,73634.0,Petrol,110.0,0.0,0,1587,5,1075,0,1472.7,4.2
451,11750,47.0,73403.0,Petrol,110.0,1.0,0,1600,5,1075,0,1561.8,3.9
452,11450,49.0,73175.0,Petrol,97.0,1.0,0,1400,3,1030,0,1493.4,4.1
453,12000,,73000.0,Petrol,110.0,0.0,0,1600,3,1055,0,,
454,11950,50.0,72242.0,Petrol,110.0,,1,1600,3,1070,0,1444.8,4.2
455,9850,53.0,72000.0,Petrol,97.0,1.0,0,1400,3,1025,0,1358.5,4.4
456,10950,,71725.0,Petrol,110.0,1.0,0,1600,4,1035,0,,
457,10950,,71276.0,Petrol,110.0,0.0,0,1600,5,1080,0,,
458,8695,,70440.0,Diesel,69.0,1.0,0,1900,3,1105,0,,
459,10990,53.0,70239.0,Petrol,110.0,0.0,0,1600,3,1040,0,1325.3,4.4
460,9500,55.0,69813.0,Petrol,97.0,1.0,0,1400,3,1025,0,1269.3,4.6
461,11950,49.0,69659.0,Petrol,86.0,0.0,0,1300,3,1025,0,1421.6,4.1
462,10750,46.0,69574.0,Petrol,97.0,0.0,0,1400,5,1065,0,1512.5,3.8
463,8750,47.0,69000.0,Diesel,69.0,1.0,0,1900,5,1140,0,1468.1,3.9
464,8750,49.0,68565.0,Petrol,110.0,,0,1600,4,1030,0,1399.3,4.1
465,11450,,68520.0,Diesel,72.0,1.0,0,2000,3,1115,0,,
466,9950,46.0,68414.0,Petrol,97.0,0.0,0,1400,3,1025,0,1487.3,3.8
467,11950,56.0,66777.0,Petrol,110.0,0.0,0,1600,5,1090,0,1192.4,4.7
468,13950,52.0,66527.0,Petrol,110.0,1.0,0,1600,5,1080,0,1279.4,4.3
469,11250,54.0,66063.0,Petrol,110.0,1.0,0,1600,5,1090,0,1223.4,4.5
470,10900,50.0,65471.0,Petrol,97.0,1.0,0,1400,5,1060,0,1309.4,4.2
471,9750,56.0,65400.0,Petrol,97.0,1.0,0,1400,3,1025,0,1167.9,4.7
472,9950,52.0,65170.0,Petrol,97.0,1.0,0,1400,3,1025,0,1253.3,4.3
473,11950,56.0,65000.0,Petrol,110.0,1.0,0,1600,5,1075,0,1160.7,4.7
474,10450,48.0,64193.0,Petrol,110.0,,0,1600,3,1040,0,1337.4,4.0
475,8950,54.0,64000.0,Petrol,97.0,1.0,0,1400,3,1025,0,1185.2,4.5
476,10250,54.0,63792.0,Petrol,110.0,1.0,0,1600,5,1075,0,1181.3,4.5
477,9930,53.0,63635.0,Petrol,110.0,1.0,0,1600,4,1035,0,1200.7,4.4
478,10500,54.0,63135.0,Petrol,110.0,1.0,0,1600,3,1050,0,1169.2,4.5
479,11950,54.0,63123.0,Petrol,110.0,1.0,0,1600,4,1035,0,1168.9,4.5
480,11500,,63000.0,Diesel,69.0,1.0,0,1900,5,1140,0,,
481,11500,,63000.0,Petrol,110.0,0.0,0,1600,4,1035,0,,
482,11450,54.0,62987.0,Petrol,110.0,0.0,0,1600,5,1080,0,1166.4,4.5
483,9900,56.0,62751.0,Petrol,110.0,0.0,0,1600,3,1050,0,1120.6,4.7
484,9500,54.0,62519.0,Petrol,97.0,0.0,0,1400,3,1025,0,1157.8,4.5
485,10500,50.0,62280.0,Petrol,97.0,,0,1400,5,1060,0,1245.6,4.2
486,10750,50.0,61672.0,Petrol,110.0,,0,1600,5,1075,0,1233.4,4.2
487,8950,54.0,61000.0,Diesel,69.0,0.0,0,2000,5,1140,0,1129.6,4.5
488,12000,56.0,61000.0,Petrol,110.0,1.0,0,1600,3,1050,0,1089.3,4.7
489,9940,53.0,60558.0,Petrol,110.0,1.0,0,1600,4,1105,0,1142.6,4.4
490,10950,47.0,60348.0,Petrol,110.0,0.0,0,1600,4,1030,0,1284.0,3.9
491,10750,54.0,,Petrol,110.0,1.0,0,1600,5,1075,0,,4.5
492,9799,51.0,59000.0,Petrol,97.0,1.0,0,1400,3,1025,0,1156.9,4.2
493,11750,51.0,58761.0,Petrol,97.0,0.0,0,1300,5,1060,0,1152.2,4.2
494,11950,54.0,58745.0,,110.0,1.0,0,1600,4,1035,0,1087.9,4.5
495,11250,52.0,58596.0,Petrol,110.0,1.0,0,1600,3,1045,0,1126.8,4.3
496,11750,54.0,58530.0,Petrol,110.0,0.0,0,1600,5,1075,0,1083.9,4.5
497,10950,55.0,58377.0,Petrol,110.0,1.0,0,1600,3,1050,0,1061.4,4.6
498,11250,56.0,58142.0,Petrol,110.0,1.0,0,1600,5,1080,0,1038.2,4.7
499,9950,53.0,57948.0,Petrol,97.0,1.0,0,1400,3,1025,0,1093.4,4.4
500,9700,51.0,57645.0,Petrol,110.0,0.0,0,1600,5,1080,0,1130.3,4.2
501,11950,47.0,57500.0,Petrol,110.0,1.0,0,1600,4,1105,0,1223.4,3.9
502,9900,53.0,57475.0,Petrol,110.0,0.0,0,1600,3,1040,0,1084.4,4.4
503,9990,,56743.0,Petrol,110.0,0.0,0,1600,3,1045,0,,
504,9475,48.0,56675.0,Petrol,97.0,1.0,0,1400,3,1025,0,1180.7,4.0
505,11500,54.0,55877.0,Petrol,110.0,1.0,0,1600,5,1075,0,1034.8,4.5
506,11950,53.0,55500.0,Petrol,110.0,1.0,0,1600,4,1035,0,1047.2,4.4
507,11500,55.0,54900.0,Petrol,97.0,1.0,0,1400,5,1060,0,998.2,4.6
508,10500,50.0,54465.0,Petrol,110.0,0.0,0,1600,5,1075,0,1089.3,4.2
509,10900,46.0,53700.0,Petrol,97.0,1.0,0,1400,5,1060,0,1167.4,3.8
510,11700,52.0,53561.0,Petrol,97.0,1.0,0,1400,5,1060,0,1030.0,4.3
511,11900,51.0,53408.0,Petrol,110.0,1.0,0,1600,5,1080,0,1047.2,4.2
512,13950,51.0,53268.0,Petrol,110.0,,0,1600,5,1080,0,1044.5,4.2
513,10950,49.0,53116.0,Petrol,97.0,1.0,0,1400,3,1025,0,1084.0,4.1
514,10500,56.0,52448.0,Petrol,97.0,0.0,0,1400,3,1025,0,936.6,4.7
515,10750,55.0,52149.0,Petrol,97.0,1.0,0,1400,3,1085,0,948.2,4.6
516,11950,55.0,52141.0,Petrol,110.0,1.0,0,1600,5,1070,0,948.0,4.6
517,10000,56.0,52000.0,Petrol,97.0,0.0,0,1400,3,1025,0,928.6,4.7
518,10495,48.0,50967.0,Petrol,97.0,1.0,0,1400,5,1060,0,1061.8,4.0
519,11450,50.0,50400.0,Petrol,110.0,0.0,0,1600,5,1080,0,1008.0,4.2
520,9400,54.0,50000.0,Petrol,97.0,1.0,0,1400,3,1025,0,925.9,4.5
521,11950,51.0,50000.0,Petrol,86.0,1.0,0,1300,5,1045,0,980.4,4.2
522,9650,53.0,49969.0,Petrol,110.0,0.0,0,1600,5,1075,0,942.8,4.4
523,18950,49.0,49568.0,Petrol,110.0,1.0,0,1600,3,1105,0,1011.6,4.1
524,11450,51.0,49473.0,Petrol,110.0,0.0,0,1600,3,1055,0,970.1,4.2
525,10250,52.0,49432.0,Petrol,110.0,1.0,0,1600,3,1050,0,950.6,4.3
526,11450,,49417.0,Petrol,110.0,1.0,0,1600,3,1045,0,,
527,9950,54.0,49366.0,Petrol,97.0,1.0,0,1400,3,1025,0,914.2,4.5
528,10500,56.0,48731.0,Petrol,110.0,1.0,0,1600,3,1055,0,870.2,4.7
529,13750,,48370.0,Petrol,110.0,1.0,0,1600,5,1080,0,,
530,9950,48.0,48071.0,Petrol,97.0,0.0,0,1400,3,1025,0,1001.5,4.0
531,10250,54.0,47852.0,,110.0,1.0,0,1600,4,1030,0,886.1,4.5
532,10850,54.0,47768.0,Petrol,110.0,,0,1600,3,1055,0,884.6,4.5
533,11895,52.0,47689.0,Petrol,110.0,0.0,0,1600,5,1075,0,917.1,4.3
534,12950,53.0,47451.0,Petrol,110.0,1.0,0,1600,3,1055,0,895.3,4.4
535,11950,50.0,47219.0,Petrol,110.0,1.0,0,1600,5,1080,0,944.4,4.2
536,10750,56.0,47211.0,Petrol,110.0,1.0,0,1600,5,1070,0,843.1,4.7
537,9550,54.0,46856.0,Petrol,97.0,0.0,0,1400,5,1060,0,867.7,4.5
538,10950,56.0,46500.0,Petrol,86.0,0.0,0,1300,5,1035,0,830.4,4.7
539,11750,,46449.0,Petrol,110.0,1.0,0,1600,4,1035,0,,
540,10950,47.0,46391.0,Petrol,110.0,0.0,0,1600,5,1075,0,987.0,3.9
541,12450,54.0,46230.0,Petrol,110.0,1.0,0,1600,3,1055,0,856.1,4.5
542,10500,52.0,46029.0,Petrol,110.0,1.0,0,1600,4,1030,0,885.2,4.3
543,10900,50.0,46000.0,Petrol,97.0,0.0,0,1400,3,1025,0,920.0,4.2
544,12950,50.0,45900.0,Petrol,110.0,1.0,0,1600,5,1075,0,918.0,4.2
545,10950,47.0,45850.0,Petrol,97.0,0.0,0,1400,5,1060,0,975.5,3.9
546,12500,56.0,45336.0,Petrol,110.0,1.0,0,1600,5,1080,0,809.6,4.7
547,9950,55.0,44537.0,,97.0,0.0,0,1400,3,1025,0,809.8,4.6
548,10750,56.0,43700.0,,86.0,,0,1300,3,1025,0,780.4,4.7
549,12500,48.0,43120.0,Petrol,97.0,1.0,0,1400,3,1030,0,898.3,4.0
550,10450,49.0,41710.0,Petrol,110.0,0.0,0,1600,3,1040,0,851.2,4.1
551,10750,52.0,41700.0,Petrol,97.0,1.0,0,1400,3,1025,0,801.9,4.3
552,12950,49.0,41636.0,Petrol,110.0,1.0,0,1600,5,1105,0,849.7,4.1
553,10995,,41273.0,Petrol,97.0,0.0,0,1400,5,1060,0,,
554,11950,49.0,40836.0,Petrol,110.0,,1,1600,3,1075,0,833.4,4.1
555,11250,50.0,40400.0,Petrol,97.0,1.0,0,1400,5,1060,0,808.0,4.2
556,11950,47.0,40361.0,Petrol,110.0,1.0,0,1600,5,1090,0,858.7,3.9
557,13750,54.0,40325.0,,86.0,0.0,0,1300,5,1045,0,746.8,4.5
558,11000,47.0,40000.0,Petrol,110.0,0.0,0,1600,5,1080,0,851.1,3.9
559,13500,50.0,39706.0,Petrol,110.0,1.0,0,1600,5,1080,0,794.1,4.2
560,10950,54.0,39291.0,Petrol,110.0,1.0,0,1600,3,1040,0,727.6,4.5
561,10750,54.0,39000.0,Petrol,97.0,0.0,0,1400,3,1025,0,722.2,4.5
562,8950,47.0,38900.0,Petrol,97.0,1.0,0,1400,3,1025,0,827.7,3.9
563,12950,51.0,38403.0,Petrol,110.0,0.0,0,1600,3,1055,0,753.0,4.2
564,9750,56.0,37461.0,Petrol,97.0,0.0,0,1400,3,1025,0,668.9,4.7
565,10900,54.0,37000.0,,97.0,1.0,0,1400,3,1025,0,685.2,4.5
566,10995,55.0,36406.0,Petrol,110.0,1.0,0,1600,4,1035,0,661.9,4.6
567,10750,48.0,36005.0,Petrol,97.0,1.0,0,1400,5,1065,0,750.1,4.0
568,10950,52.0,36000.0,Petrol,110.0,1.0,0,1600,5,1075,0,692.3,4.3
569,13000,,36000.0,Petrol,110.0,0.0,0,1600,5,1080,0,,
570,12950,45.0,36000.0,Petrol,110.0,1.0,1,1600,3,1070,0,800.0,3.8
571,11500,52.0,35823.0,Petrol,110.0,0.0,0,1600,5,1075,0,688.9,4.3
572,10950,,35230.0,Petrol,97.0,0.0,0,1400,3,1025,0,,
573,11710,48.0,35142.0,Petrol,110.0,0.0,0,1600,3,1055,0,732.1,4.0
574,9980,49.0,34890.0,Petrol,97.0,,0,1400,3,1025,0,712.0,4.1
575,12250,51.0,34882.0,Petrol,110.0,1.0,0,1600,5,1075,0,684.0,4.2
576,11500,46.0,34000.0,Petrol,110.0,1.0,0,1600,5,1075,0,739.1,3.8
577,11950,56.0,33998.0,Petrol,110.0,0.0,0,1600,5,1080,0,607.1,4.7
578,11500,55.0,33230.0,Petrol,110.0,0.0,0,1600,3,1050,0,604.2,4.6
579,11900,46.0,33021.0,,110.0,1.0,0,1600,5,1080,0,717.8,3.8
580,11930,49.0,31999.0,Petrol,97.0,0.0,0,1400,3,1030,0,653.0,4.1
581,10500,,31579.0,Petrol,97.0,0.0,0,1400,3,1025,0,,
582,8950,56.0,31000.0,Petrol,97.0,0.0,0,1400,3,1025,0,553.6,4.7
583,10450,46.0,30806.0,Petrol,97.0,1.0,0,1400,5,1060,0,669.7,3.8
584,10500,55.0,30461.0,Petrol,86.0,1.0,0,1300,5,1050,0,553.8,4.6
585,12950,50.0,29686.0,Petrol,110.0,1.0,1,1600,3,1075,0,593.7,4.2
586,9950,,29650.0,Petrol,86.0,,0,1300,3,1025,0,,
587,12900,52.0,29500.0,Petrol,110.0,1.0,0,1600,3,1055,0,567.3,4.3
588,9950,48.0,28656.0,Petrol,97.0,0.0,0,1400,3,1085,0,597.0,4.0
589,9950,55.0,27500.0,Petrol,97.0,1.0,0,1400,3,1025,0,500.0,4.6
590,10950,48.0,26938.0,Petrol,110.0,1.0,0,1600,3,1040,0,561.2,4.0
591,10950,53.0,26624.0,Petrol,97.0,0.0,0,1400,5,1060,0,502.3,4.4
592,9950,47.0,26221.0,Petrol,97.0,1.0,0,1400,3,1025,0,557.9,3.9
593,10950,50.0,22648.0,Petrol,97.0,1.0,0,1400,5,1060,0,453.0,4.2
594,10800,50.0,22500.0,Petrol,97.0,,0,1400,3,1025,0,450.0,4.2
595,10500,56.0,19313.0,Petrol,97.0,0.0,0,1400,3,1025,0,344.9,4.7
596,10450,50.0,17619.0,,110.0,,0,1600,4,1030,0,352.4,4.2
597,10600,51.0,17069.0,Petrol,97.0,,0,1400,3,1025,0,334.7,4.2
598,10450,48.0,15000.0,Petrol,97.0,1.0,0,1400,3,1025,0,312.5,4.0
599,12950,50.0,10210.0,Petrol,97.0,0.0,0,1400,5,1065,0,204.2,4.2
600,11250,47.0,5309.0,Petrol,110.0,,1,1600,3,1070,0,113.0,3.9
601,7500,50.0,1.0,Diesel,90.0,1.0,0,2000,3,1260,0,0.0,4.2
602,8950,52.0,31000.0,,97.0,,0,1398,3,1025,0,596.2,4.3
603,6950,58.0,205000.0,Diesel,72.0,1.0,0,2000,4,1100,0,3534.5,4.8
604,7900,68.0,204250.0,Diesel,72.0,,0,2000,3,1115,0,3003.7,5.7
605,5950,68.0,194545.0,Petrol,86.0,0.0,0,1300,4,1000,0,2861.0,5.7
606,7500,59.0,190900.0,Diesel,72.0,1.0,0,2000,3,1115,0,3235.6,4.9
607,7500,62.0,183500.0,Diesel,72.0,1.0,0,2000,5,1140,0,2959.7,5.2
608,6900,65.0,176184.0,Diesel,72.0,1.0,0,2000,3,1115,0,2710.5,5.4
609,5751,67.0,174833.0,Diesel,72.0,0.0,0,2000,4,1100,0,2609.4,5.6
610,6950,68.0,155720.0,Petrol,86.0,,0,1300,3,1015,0,2290.0,5.7
611,7950,67.0,155500.0,,110.0,1.0,0,1600,5,1050,0,2320.9,5.6
612,7750,59.0,154783.0,Diesel,72.0,1.0,0,2000,3,1120,0,2623.4,4.9
613,7950,64.0,154462.0,Diesel,72.0,1.0,0,2000,5,1135,0,2413.5,5.3
614,8250,64.0,150585.0,Petrol,110.0,1.0,0,1600,3,1065,0,2352.9,5.3
615,6250,67.0,149000.0,Diesel,90.0,1.0,0,2000,5,1135,0,2223.9,5.6
616,9500,62.0,147636.0,,72.0,,0,2000,5,1135,0,2381.2,5.2
617,6900,59.0,144521.0,Diesel,72.0,1.0,0,2000,5,1135,0,2449.5,4.9
618,8450,64.0,144000.0,,110.0,1.0,0,1600,3,1065,0,2250.0,5.3
619,7350,65.0,140168.0,Diesel,72.0,1.0,0,2000,3,1115,0,2156.4,5.4
620,8950,68.0,140000.0,Petrol,110.0,1.0,0,1600,5,1085,0,2058.8,5.7
621,6900,60.0,139800.0,Diesel,72.0,0.0,0,2000,3,1115,0,2330.0,5.0
622,8950,59.0,137050.0,CNG,110.0,1.0,0,1600,3,1078,0,2322.9,4.9
623,8750,61.0,136956.0,Petrol,110.0,0.0,0,1600,3,1065,0,2245.2,5.1
624,7950,67.0,135337.0,CNG,110.0,1.0,0,1600,5,1120,0,2020.0,5.6
625,8950,64.0,133769.0,Diesel,72.0,1.0,0,2000,3,1120,0,2090.1,5.3
626,8950,58.0,133405.0,Diesel,72.0,1.0,0,2000,5,1135,0,2300.1,4.8
627,8950,65.0,132807.0,Diesel,72.0,1.0,0,2000,5,1135,0,2043.2,5.4
628,7950,64.0,132393.0,Diesel,72.0,0.0,0,2000,5,1135,0,2068.6,5.3
629,7750,60.0,130270.0,Petrol,110.0,0.0,0,1600,3,1050,0,2171.2,5.0
630,7500,59.0,130000.0,Diesel,72.0,1.0,0,2000,4,1135,0,2203.4,4.9
631,8950,67.0,127000.0,Diesel,,1.0,0,2000,5,1135,0,1895.5,5.6
632,9800,67.0,126800.0,Diesel,72.0,0.0,0,2000,5,1135,0,1892.5,5.6
633,9450,66.0,126452.0,Petrol,110.0,1.0,0,1600,5,1085,0,1915.9,5.5
634,8950,62.0,125175.0,Diesel,116.0,0.0,0,2000,5,1150,0,2019.0,5.2
635,8750,68.0,125000.0,Diesel,72.0,1.0,0,2000,3,1115,0,1838.2,5.7
636,10500,61.0,123000.0,Diesel,72.0,0.0,0,2000,5,1135,0,2016.4,5.1
637,7995,59.0,121626.0,Petrol,86.0,0.0,0,1300,5,1050,0,2061.5,4.9
638,10450,64.0,120400.0,,,0.0,0,1600,5,1090,0,1881.2,5.3
639,9950,66.0,120000.0,Diesel,72.0,0.0,0,2000,4,1100,0,1818.2,5.5
640,9950,68.0,119541.0,Petrol,110.0,0.0,0,1600,3,1055,0,1758.0,5.7
641,8950,68.0,119500.0,Petrol,110.0,,0,1600,5,1070,0,1757.4,5.7
642,7950,68.0,119289.0,Petrol,110.0,1.0,0,1600,4,1035,0,1754.2,5.7
643,10950,57.0,118833.0,Petrol,110.0,0.0,0,1600,3,1065,0,2084.8,4.8
644,9950,64.0,118000.0,Diesel,72.0,1.0,0,2000,5,1150,0,1843.8,5.3
645,8600,68.0,117955.0,Petrol,110.0,1.0,1,1600,4,1065,0,1734.6,5.7
646,7250,65.0,117609.0,Petrol,86.0,0.0,0,1300,3,1015,0,1809.4,5.4
647,6950,68.0,117000.0,Diesel,72.0,0.0,0,2000,3,1115,0,1720.6,5.7
648,8000,64.0,116000.0,Petrol,86.0,0.0,0,1300,5,1045,0,1812.5,5.3
649,9950,58.0,115715.0,Petrol,110.0,0.0,0,1600,5,1070,0,1995.1,4.8
650,9450,60.0,115191.0,CNG,110.0,,0,1600,4,1079,0,1919.8,5.0
651,7950,68.0,115071.0,Petrol,110.0,1.0,0,1600,3,1055,0,1692.2,5.7
652,9450,63.0,115000.0,CNG,110.0,0.0,0,1600,3,1109,0,1825.4,5.2
653,9950,64.0,114846.0,,110.0,1.0,0,1600,5,1075,0,1794.5,5.3
654,6950,65.0,114383.0,Diesel,90.0,0.0,0,2000,3,1260,0,1759.7,5.4
655,8250,59.0,113700.0,Petrol,110.0,1.0,0,1600,5,1065,0,1927.1,4.9
656,9950,67.0,113118.0,Petrol,86.0,1.0,0,1300,3,1020,0,1688.3,5.6
657,8250,59.0,112827.0,Petrol,86.0,1.0,0,1300,5,1040,0,1912.3,4.9
658,9950,68.0,112116.0,Petrol,110.0,1.0,0,1600,5,1070,0,1648.8,5.7
659,10500,66.0,112000.0,Petrol,110.0,1.0,0,1600,3,1065,0,1697.0,5.5
660,7950,62.0,112000.0,Diesel,72.0,0.0,0,2000,4,1135,0,1806.5,5.2
661,9750,65.0,111769.0,Petrol,110.0,0.0,0,1600,3,1065,0,1719.5,5.4
662,9250,61.0,110853.0,Petrol,110.0,1.0,0,1600,5,1070,0,1817.3,5.1
663,9500,68.0,110287.0,Petrol,110.0,1.0,0,1600,3,1050,0,1621.9,5.7
664,9950,62.0,109547.0,Petrol,110.0,,0,1600,5,1075,0,1766.9,5.2
665,7750,63.0,109230.0,Petrol,110.0,0.0,0,1600,3,1050,0,1733.8,5.2
666,9500,68.0,109150.0,Petrol,110.0,0.0,0,1600,5,1075,0,1605.1,5.7
667,9950,67.0,108793.0,Petrol,110.0,1.0,0,1600,4,1035,0,1623.8,5.6
668,9750,64.0,106784.0,Petrol,110.0,0.0,1,1600,3,1050,0,1668.5,5.3
669,9750,58.0,105942.0,Petrol,86.0,0.0,0,1300,5,1040,0,1826.6,4.8
670,5950,59.0,105000.0,Petrol,86.0,1.0,0,1300,3,1015,0,1779.7,4.9
671,8500,,105000.0,Petrol,86.0,0.0,0,1300,5,1040,0,,
672,8495,68.0,104299.0,Petrol,110.0,1.0,0,1600,5,1085,0,1533.8,5.7
673,9250,67.0,104000.0,Petrol,86.0,0.0,0,1300,3,1020,0,1552.2,5.6
674,6900,,104000.0,Petrol,86.0,1.0,0,1300,3,1015,0,,
675,8950,58.0,103458.0,Petrol,86.0,1.0,0,1300,3,1025,0,1783.8,4.8
676,9500,,103400.0,Petrol,110.0,1.0,0,1600,5,1075,0,,
677,9250,63.0,102807.0,Petrol,86.0,0.0,0,1300,5,1055,0,1631.9,5.2
678,9895,68.0,102494.0,Petrol,110.0,0.0,0,1600,5,1090,0,1507.3,5.7
679,9950,57.0,102300.0,Diesel,72.0,1.0,0,2000,5,1135,0,1794.7,4.8
680,7950,61.0,102106.0,Petrol,110.0,0.0,0,1600,3,1050,0,1673.9,5.1
681,8750,68.0,101889.0,Petrol,110.0,1.0,0,1600,5,1075,0,1498.4,5.7
682,8250,57.0,101791.0,Diesel,72.0,0.0,0,2000,3,1115,0,1785.8,4.8
683,8950,63.0,101469.0,Petrol,110.0,1.0,0,1600,3,1065,0,1610.6,5.2
684,8950,68.0,101001.0,Petrol,110.0,0.0,0,1600,5,1075,0,1485.3,5.7
685,8950,61.0,100748.0,Petrol,110.0,,0,1600,5,1070,0,1651.6,5.1
686,8950,65.0,100550.0,Petrol,110.0,1.0,0,1600,5,1075,0,1546.9,5.4
687,9450,67.0,99781.0,Petrol,110.0,1.0,0,1600,5,1085,0,1489.3,5.6
688,8950,59.0,98658.0,Petrol,86.0,1.0,0,1300,3,1020,0,1672.2,4.9
689,9250,65.0,98500.0,Petrol,110.0,,0,1600,5,1075,0,1515.4,5.4
690,8750,64.0,98291.0,Petrol,86.0,0.0,0,1300,4,1000,0,1535.8,5.3
691,9950,61.0,97648.0,Petrol,110.0,1.0,0,1600,3,1065,0,1600.8,5.1
692,9950,,97425.0,Petrol,110.0,1.0,0,1600,5,1075,0,,
693,9900,65.0,97173.0,Petrol,86.0,0.0,0,1300,3,1015,0,1495.0,5.4
694,8950,66.0,97046.0,Petrol,86.0,1.0,0,1300,4,1000,0,1470.4,5.5
695,8950,67.0,96000.0,Petrol,110.0,1.0,0,1600,3,1050,0,1432.8,5.6
696,12250,,96000.0,,72.0,,0,2000,4,1100,0,,
697,9250,67.0,95750.0,Petrol,110.0,1.0,0,1600,5,1070,0,1429.1,5.6
698,10250,61.0,95147.0,,110.0,1.0,0,1600,3,1050,0,1559.8,5.1
699,8950,,95000.0,,110.0,0.0,0,1600,3,1050,0,,
700,7999,65.0,95000.0,Petrol,110.0,1.0,0,1600,3,1050,0,1461.5,5.4
701,9900,66.0,94606.0,Petrol,110.0,0.0,0,1600,3,1065,0,1433.4,5.5
702,8250,63.0,94504.0,,86.0,1.0,0,1300,4,1000,0,1500.1,5.2
703,10500,65.0,93428.0,Petrol,110.0,1.0,0,1600,5,1075,0,1437.4,5.4
704,8450,65.0,93408.0,,86.0,0.0,0,1300,3,1015,0,1437.0,5.4
705,9900,68.0,93296.0,Petrol,110.0,1.0,0,1600,5,1090,0,1372.0,5.7
706,10500,62.0,93098.0,Petrol,110.0,1.0,0,1600,5,1075,0,1501.6,5.2
707,8500,67.0,92922.0,Diesel,72.0,1.0,0,2000,4,1100,0,1386.9,5.6
708,9500,61.0,92498.0,Petrol,110.0,,0,1600,3,1050,0,1516.4,5.1
709,9450,65.0,92226.0,Petrol,110.0,0.0,0,1600,3,1065,0,1418.9,5.4
710,9900,,91505.0,Diesel,72.0,0.0,0,2000,3,1115,0,,
711,8250,,91333.0,Petrol,110.0,1.0,0,1600,3,1050,0,,
712,8750,,91246.0,Petrol,86.0,1.0,0,1300,3,1015,0,,
713,9500,58.0,91000.0,Petrol,110.0,,0,1600,5,1075,0,1569.0,4.8
714,8450,68.0,90727.0,Petrol,110.0,0.0,0,1600,3,1050,0,1334.2,5.7
715,8490,62.0,90000.0,Petrol,110.0,0.0,0,1600,3,1050,0,1451.6,5.2
716,8750,60.0,89576.0,Petrol,110.0,0.0,0,1600,4,1035,0,1492.9,5.0
717,9750,64.0,89145.0,Petrol,86.0,1.0,0,1300,3,1025,0,1392.9,5.3
718,9950,63.0,89000.0,Petrol,110.0,1.0,0,1600,5,1085,0,1412.7,5.2
719,8500,68.0,88807.0,Petrol,110.0,0.0,0,1600,3,1050,0,1306.0,5.7
720,8450,63.0,88685.0,Petrol,110.0,0.0,0,1600,5,1070,0,1407.7,5.2
721,7900,62.0,88667.0,Petrol,110.0,1.0,0,1600,4,1040,0,1430.1,5.2
722,8750,57.0,88480.0,Petrol,110.0,1.0,0,1600,3,1050,0,1552.3,4.8
723,7950,61.0,88127.0,Petrol,86.0,0.0,0,1300,3,1015,0,1444.7,5.1
724,6900,62.0,88000.0,,86.0,0.0,0,1300,3,1020,0,1419.4,5.2
725,8150,65.0,87821.0,Petrol,86.0,1.0,0,1300,3,1015,0,1351.1,5.4
726,10995,59.0,87654.0,Petrol,86.0,1.0,1,1300,5,1065,0,1485.7,4.9
727,8900,59.0,86888.0,Petrol,110.0,,0,1600,3,1050,0,1472.7,4.9
728,9500,59.0,86871.0,Petrol,86.0,1.0,0,1300,5,1040,0,1472.4,4.9
729,8950,68.0,86714.0,Petrol,110.0,1.0,0,1600,4,1035,0,1275.2,5.7
730,11500,65.0,85889.0,Petrol,110.0,,0,1600,3,1065,0,1321.4,5.4
731,10450,62.0,85000.0,Petrol,110.0,1.0,0,1600,3,1050,0,1371.0,5.2
732,10500,60.0,85000.0,Petrol,86.0,1.0,0,1300,3,1025,0,1416.7,5.0
733,9250,68.0,84976.0,Petrol,110.0,1.0,0,1600,4,1035,0,1249.6,5.7
734,10950,65.0,84558.0,Petrol,110.0,1.0,0,1600,5,1120,0,1300.9,5.4
735,10450,62.0,84549.0,Petrol,110.0,,0,1600,5,1075,0,1363.7,5.2
736,9250,68.0,84482.0,Petrol,110.0,1.0,0,1600,5,1075,0,1242.4,5.7
737,8750,62.0,83908.0,Petrol,110.0,1.0,0,1600,5,1070,0,1353.4,5.2
738,8750,67.0,83560.0,Petrol,86.0,0.0,0,1300,3,1015,0,1247.2,5.6
739,9800,68.0,83000.0,Petrol,107.0,1.0,1,1600,5,1100,0,1220.6,5.7
740,8250,64.0,82723.0,Petrol,86.0,0.0,0,1300,3,1015,0,1292.5,5.3
741,10450,62.0,82421.0,Petrol,110.0,1.0,0,1600,3,1065,0,1329.4,5.2
742,9750,58.0,82254.0,Petrol,110.0,0.0,0,1600,5,1050,0,1418.2,4.8
743,8950,61.0,82115.0,Petrol,110.0,1.0,0,1600,3,1055,0,1346.1,5.1
744,7450,65.0,82000.0,Petrol,86.0,,0,1300,3,1015,0,1261.5,5.4
745,8450,68.0,81965.0,Petrol,86.0,,0,1300,5,1035,0,1205.4,5.7
746,8250,,81250.0,Petrol,110.0,0.0,0,1600,3,1050,0,,
747,10950,65.0,81192.0,Petrol,110.0,1.0,0,1600,3,1065,0,1249.1,5.4
748,8950,61.0,81170.0,Petrol,110.0,1.0,0,1600,4,1040,0,1330.7,5.1
749,8750,66.0,81083.0,Petrol,86.0,0.0,0,1300,3,1015,0,1228.5,5.5
750,10450,61.0,80714.0,Petrol,110.0,1.0,0,1600,5,1075,0,1323.2,5.1
751,10950,57.0,80470.0,,110.0,0.0,0,1600,5,1085,0,1411.8,4.8
752,8450,65.0,80439.0,Petrol,110.0,1.0,0,1600,4,1035,0,1237.5,5.4
753,9950,59.0,80430.0,Petrol,110.0,1.0,0,1600,3,1065,0,1363.2,4.9
754,9950,,80426.0,Petrol,110.0,1.0,0,1600,3,1055,0,,
755,8750,62.0,80265.0,,86.0,0.0,0,1300,3,1015,0,1294.6,5.2
756,9950,65.0,80153.0,Petrol,110.0,0.0,0,1600,5,1070,0,1233.1,5.4
757,9500,68.0,80121.0,Petrol,110.0,0.0,0,1600,5,1070,0,1178.2,5.7
758,8250,65.0,80086.0,Petrol,110.0,1.0,0,1600,4,1035,0,1232.1,5.4
759,10950,62.0,80000.0,Petrol,110.0,,0,1600,5,1075,0,1290.3,5.2
760,7950,60.0,80000.0,,86.0,0.0,0,1300,5,1015,0,1333.3,5.0
761,8250,65.0,80000.0,Petrol,86.0,1.0,0,1300,2,1015,0,1230.8,5.4
762,9895,67.0,79858.0,Petrol,110.0,1.0,0,1600,4,1040,0,1191.9,5.6
763,9130,67.0,79762.0,Petrol,86.0,1.0,0,1300,3,1015,0,1190.5,5.6
764,10950,59.0,79660.0,Petrol,86.0,0.0,1,1300,5,1065,0,1350.2,4.9
765,10500,60.0,79150.0,Petrol,110.0,1.0,0,1600,5,1075,0,1319.2,5.0
766,8900,61.0,79000.0,Petrol,110.0,1.0,0,1600,3,1050,0,1295.1,5.1
767,9500,57.0,78955.0,Petrol,86.0,1.0,0,1300,5,1045,0,1385.2,4.8
768,10950,59.0,78750.0,Diesel,90.0,1.0,0,1975,5,1155,0,1334.7,4.9
769,7950,68.0,78521.0,Petrol,86.0,0.0,0,1300,3,1015,0,1154.7,5.7
770,7950,64.0,78356.0,Petrol,86.0,1.0,0,1300,3,1015,0,1224.3,5.3
771,7950,65.0,78076.0,Petrol,86.0,1.0,0,1300,3,1015,0,1201.2,5.4
772,9500,,78063.0,Petrol,107.0,,1,1600,5,1100,0,,
773,10950,,77821.0,Petrol,110.0,1.0,0,1600,5,1075,0,,
774,9750,68.0,77695.0,Petrol,110.0,,0,1600,4,1035,0,1142.6,5.7
775,9750,65.0,77500.0,Petrol,110.0,1.0,0,1600,3,1050,0,1192.3,5.4
776,9450,63.0,77457.0,Petrol,110.0,1.0,0,1600,3,1055,0,1229.5,5.2
777,8950,68.0,77029.0,Petrol,86.0,1.0,0,1300,3,1015,0,1132.8,5.7
778,8950,68.0,77008.0,Petrol,86.0,1.0,0,1300,3,1015,0,1132.5,5.7
779,8900,66.0,76791.0,Petrol,110.0,1.0,0,1600,5,1070,0,1163.5,5.5
780,9950,61.0,76700.0,Petrol,86.0,1.0,0,1300,5,1035,0,1257.4,5.1
781,8750,67.0,76569.0,Petrol,86.0,1.0,0,1300,3,1020,0,1142.8,5.6
782,8950,59.0,76162.0,Petrol,110.0,1.0,0,1600,5,1075,0,1290.9,4.9
783,8990,65.0,76155.0,Petrol,110.0,1.0,0,1600,4,1035,0,1171.6,5.4
784,8950,61.0,75609.0,Petrol,86.0,1.0,0,1300,3,1015,0,1239.5,5.1
785,8950,62.0,75569.0,Diesel,72.0,1.0,0,2000,3,1120,0,1218.9,5.2
786,9950,,75429.0,Petrol,110.0,1.0,0,1600,3,1065,0,,
787,9900,68.0,75000.0,Petrol,110.0,1.0,0,1600,5,1075,0,1102.9,5.7
788,8950,65.0,75000.0,Petrol,86.0,0.0,0,1300,3,1015,0,1153.8,5.4
789,8950,62.0,75000.0,Petrol,110.0,1.0,0,1600,5,1070,0,1209.7,5.2
790,9500,66.0,74963.0,Petrol,107.0,0.0,1,1600,3,1085,0,1135.8,5.5
791,7950,68.0,74889.0,Petrol,86.0,1.0,0,1300,3,1015,0,1101.3,5.7
792,7750,,74875.0,Petrol,110.0,0.0,0,1600,5,1070,0,,
793,8950,63.0,74747.0,,110.0,1.0,0,1600,5,1075,0,1186.5,5.2
794,11950,60.0,74720.0,Petrol,110.0,,0,1600,5,1085,0,1245.3,5.0
795,8950,62.0,74457.0,Petrol,110.0,0.0,0,1600,5,1075,0,1200.9,5.2
796,11950,60.0,74337.0,Petrol,86.0,0.0,0,1300,5,1035,0,1239.0,5.0
797,8950,68.0,74308.0,Petrol,110.0,0.0,0,1600,3,1050,0,1092.8,5.7
798,9950,64.0,74193.0,Petrol,110.0,,0,1600,3,1050,0,1159.3,5.3
799,8250,65.0,74179.0,Petrol,110.0,1.0,0,1600,3,1050,0,1141.2,5.4
800,8995,67.0,73936.0,Petrol,86.0,1.0,0,1300,5,1050,0,1103.5,5.6
801,9995,61.0,73894.0,Petrol,110.0,1.0,0,1600,3,1065,0,1211.4,5.1
802,9250,64.0,73500.0,Petrol,110.0,1.0,0,1600,3,1050,0,1148.4,5.3
803,10950,64.0,73376.0,Petrol,110.0,0.0,0,1600,5,1070,0,1146.5,5.3
804,8900,,73300.0,Petrol,86.0,1.0,0,1300,3,1015,0,,
805,9500,,73172.0,Petrol,110.0,1.0,0,1600,5,1075,0,,
806,9950,58.0,72928.0,Petrol,110.0,1.0,0,1600,5,1075,0,1257.4,4.8
807,7950,67.0,72880.0,Petrol,86.0,1.0,0,1332,3,1015,0,1087.8,5.6
808,8250,63.0,72522.0,Petrol,110.0,1.0,0,1600,3,1050,0,1151.1,5.2
809,9450,64.0,72000.0,Petrol,86.0,1.0,0,1300,3,1015,0,1125.0,5.3
810,7950,57.0,72000.0,Petrol,86.0,0.0,0,1300,3,1015,0,1263.2,4.8
811,9500,59.0,71366.0,Petrol,110.0,0.0,0,1600,3,1065,0,1209.6,4.9
812,8950,65.0,71317.0,Petrol,110.0,,0,1600,3,1050,0,1097.2,5.4
813,10950,62.0,71000.0,Petrol,110.0,0.0,0,1600,5,1070,0,1145.2,5.2
814,8950,60.0,70954.0,Petrol,110.0,0.0,0,1600,3,1050,0,1182.6,5.0
815,9450,63.0,70908.0,Petrol,86.0,0.0,0,1300,5,1035,0,1125.5,5.2
816,8000,58.0,70560.0,Petrol,110.0,1.0,0,1600,3,1050,0,1216.6,4.8
817,9900,67.0,70552.0,Petrol,110.0,0.0,0,1600,5,1075,0,1053.0,5.6
818,8950,62.0,70500.0,Petrol,110.0,1.0,0,1600,5,1035,0,1137.1,5.2
819,10900,60.0,70453.0,Diesel,72.0,0.0,0,2000,5,1135,0,1174.2,5.0
820,9450,59.0,70218.0,Petrol,110.0,1.0,0,1600,3,1050,0,1190.1,4.9
821,8450,64.0,70116.0,Petrol,110.0,1.0,0,1600,4,1035,0,1095.6,5.3
822,9500,65.0,70068.0,Petrol,110.0,1.0,0,1600,5,1075,0,1078.0,5.4
823,10500,67.0,70000.0,Petrol,107.0,1.0,1,1587,3,1065,0,1044.8,5.6
824,6950,68.0,70000.0,Petrol,86.0,1.0,0,1300,3,1015,0,1029.4,5.7
825,9750,68.0,69103.0,Petrol,110.0,0.0,0,1600,4,1035,0,1016.2,5.7
826,6950,58.0,69022.0,Petrol,86.0,1.0,0,1300,5,1035,0,1190.0,4.8
827,9650,67.0,69000.0,Petrol,110.0,1.0,0,1600,3,1065,0,1029.9,5.6
828,9950,68.0,68865.0,Petrol,110.0,1.0,0,1600,3,1065,0,1012.7,5.7
829,9250,58.0,68723.0,Petrol,86.0,0.0,0,1300,3,1025,0,1184.9,4.8
830,8950,63.0,68453.0,,110.0,1.0,0,1600,5,1070,0,1086.6,5.2
831,9900,63.0,68238.0,Petrol,86.0,0.0,0,1300,5,1050,0,1083.1,5.2
832,10995,63.0,68153.0,Petrol,110.0,1.0,0,1600,5,1085,0,1081.8,5.2
833,10500,65.0,68000.0,Petrol,110.0,0.0,0,1600,5,1075,0,1046.2,5.4
834,8950,65.0,68000.0,Petrol,86.0,1.0,0,1300,3,1015,0,1046.2,5.4
835,9750,67.0,67762.0,,110.0,,0,1600,3,1065,0,1011.4,5.6
836,10950,68.0,67146.0,Petrol,110.0,1.0,0,1600,5,1075,0,987.4,5.7
837,9750,67.0,67110.0,Petrol,86.0,1.0,0,1300,5,1035,0,1001.6,5.6
838,9950,59.0,67010.0,,110.0,1.0,0,1600,3,1065,0,1135.8,4.9
839,10500,65.0,67003.0,Petrol,110.0,1.0,0,1600,4,1035,0,1030.8,5.4
840,10400,68.0,66785.0,Petrol,86.0,0.0,1,1300,3,1045,0,982.1,5.7
841,8800,68.0,66550.0,Petrol,86.0,0.0,0,1332,3,1010,0,978.7,5.7
842,10500,61.0,66259.0,Petrol,110.0,1.0,0,1600,3,1065,0,1086.2,5.1
843,9250,62.0,66082.0,Petrol,110.0,,0,1600,5,1070,0,1065.8,5.2
844,7800,65.0,66000.0,Petrol,86.0,1.0,0,1300,3,1015,0,1015.4,5.4
845,9950,61.0,66000.0,Petrol,110.0,0.0,0,1600,3,1050,0,1082.0,5.1
846,10750,63.0,65896.0,Petrol,110.0,1.0,0,1600,3,1065,0,1046.0,5.2
847,10950,67.0,65785.0,Petrol,110.0,,0,1600,5,1075,0,981.9,5.6
848,9950,65.0,65513.0,Petrol,110.0,,1,1600,4,1070,0,1007.9,5.4
849,9950,59.0,65463.0,,110.0,1.0,0,1600,5,1070,0,1109.5,4.9
850,8100,,65400.0,Petrol,86.0,1.0,0,1300,4,1000,0,,
851,9250,60.0,65259.0,Petrol,110.0,1.0,0,1600,3,1050,0,1087.6,5.0
852,7800,64.0,65000.0,Petrol,110.0,1.0,0,1600,3,1050,0,1015.6,5.3
853,9000,68.0,65000.0,Petrol,110.0,0.0,0,1600,5,1070,0,955.9,5.7
854,8950,57.0,65000.0,,110.0,0.0,0,1600,4,1035,0,1140.4,4.8
855,8950,62.0,64966.0,Petrol,86.0,,0,1300,3,1020,0,1047.8,5.2
856,9950,68.0,64950.0,Petrol,110.0,1.0,0,1600,5,1075,0,955.1,5.7
857,8500,60.0,64914.0,,110.0,,0,1600,5,1070,0,1081.9,5.0
858,7995,62.0,64797.0,Petrol,110.0,1.0,0,1600,5,1075,0,1045.1,5.2
859,8750,65.0,64772.0,Petrol,110.0,1.0,0,1600,3,1050,0,996.5,5.4
860,9750,63.0,64690.0,Petrol,86.0,0.0,0,1300,3,1020,0,1026.8,5.2
861,10950,65.0,64630.0,Petrol,110.0,0.0,0,1600,5,1070,0,994.3,5.4
862,9750,67.0,64613.0,Petrol,110.0,1.0,0,1600,5,1085,0,964.4,5.6
863,8200,60.0,64383.0,Petrol,86.0,,0,1300,3,1015,0,1073.0,5.0
864,8950,68.0,64000.0,Petrol,110.0,,0,1600,5,1075,0,941.2,5.7
865,9500,66.0,63881.0,Petrol,86.0,0.0,0,1300,3,1015,0,967.9,5.5
866,10950,58.0,63870.0,Diesel,72.0,0.0,0,2000,5,1135,0,1101.2,4.8
867,9750,66.0,63328.0,Petrol,86.0,0.0,1,1300,5,1065,0,959.5,5.5
868,9950,65.0,63000.0,Petrol,86.0,1.0,1,1300,5,1065,0,969.2,5.4
869,10450,,63000.0,Petrol,86.0,0.0,1,1300,3,1050,0,,
870,9850,65.0,62396.0,Petrol,110.0,0.0,0,1600,3,1050,0,959.9,5.4
871,9450,62.0,62377.0,Petrol,110.0,1.0,0,1600,5,1075,0,1006.1,5.2
872,10295,67.0,62316.0,Petrol,110.0,1.0,0,1600,3,1050,0,930.1,5.6
873,9750,68.0,62292.0,Petrol,110.0,1.0,0,1600,3,1065,0,916.1,5.7
874,8950,65.0,62225.0,Petrol,110.0,1.0,0,1600,3,1050,0,957.3,5.4
875,9900,68.0,62222.0,Petrol,110.0,0.0,0,1600,5,1075,0,915.0,5.7
876,8750,66.0,62135.0,Petrol,86.0,,0,1300,5,1035,0,941.4,5.5
877,9950,58.0,62024.0,Petrol,110.0,1.0,0,1600,5,1075,0,1069.4,4.8
878,8500,60.0,61977.0,Petrol,86.0,1.0,0,1300,3,1015,0,1033.0,5.0
879,9950,62.0,61930.0,Petrol,110.0,,0,1600,4,1035,0,998.9,5.2
880,10950,57.0,61682.0,Petrol,110.0,0.0,0,1600,3,1050,0,1082.1,4.8
881,9795,68.0,61568.0,Petrol,110.0,1.0,0,1600,4,1035,0,905.4,5.7
882,8750,68.0,61504.0,Petrol,110.0,1.0,0,1600,4,1035,0,904.5,5.7
883,8250,65.0,61384.0,Petrol,110.0,1.0,0,1600,3,1050,0,944.4,5.4
884,9950,58.0,61343.0,Petrol,110.0,1.0,0,1600,5,1075,0,1057.6,4.8
885,9950,62.0,61254.0,Petrol,110.0,0.0,0,1600,5,1075,0,988.0,5.2
886,10500,59.0,61166.0,Petrol,110.0,1.0,0,1600,3,1050,0,1036.7,4.9
887,9750,62.0,61149.0,Petrol,86.0,1.0,0,1300,5,1040,0,986.3,5.2
888,11250,61.0,61144.0,Petrol,110.0,1.0,0,1600,5,1090,0,1002.4,5.1
889,8900,59.0,61127.0,Petrol,110.0,1.0,0,1600,3,1050,0,1036.1,4.9
890,7950,60.0,61100.0,,86.0,1.0,0,1300,3,1015,0,1018.3,5.0
891,11500,68.0,61100.0,Petrol,110.0,1.0,0,1600,5,1075,0,898.5,5.7
892,9450,57.0,61000.0,Petrol,110.0,,0,1600,3,1050,0,1070.2,4.8
893,7995,65.0,60724.0,Petrol,86.0,1.0,0,1300,3,1015,0,934.2,5.4
894,10995,59.0,60708.0,Petrol,86.0,1.0,0,1300,5,1045,0,1028.9,4.9
895,8950,61.0,60532.0,Petrol,110.0,1.0,0,1600,3,1050,0,992.3,5.1
896,8250,,60000.0,Petrol,86.0,0.0,1,1300,4,1030,0,,
897,8950,66.0,60000.0,Petrol,86.0,1.0,0,1300,3,1015,0,909.1,5.5
898,8950,65.0,60000.0,,86.0,1.0,0,1300,3,1015,0,923.1,5.4
899,9500,62.0,59295.0,,86.0,0.0,0,1300,5,1035,0,956.4,5.2
900,7500,65.0,59264.0,Petrol,86.0,0.0,0,1300,3,1015,0,911.8,5.4
901,8950,63.0,59000.0,Petrol,110.0,0.0,0,1600,3,1050,0,936.5,5.2
902,9950,63.0,59000.0,Petrol,86.0,1.0,0,1300,5,1035,0,936.5,5.2
903,9750,65.0,59000.0,Petrol,110.0,0.0,0,1600,5,1075,0,907.7,5.4
904,9450,61.0,59000.0,Petrol,110.0,1.0,0,1600,5,1070,0,967.2,5.1
905,9950,65.0,59000.0,,110.0,0.0,0,1600,3,1050,0,907.7,5.4
906,9750,68.0,58860.0,Petrol,110.0,1.0,0,1600,3,1055,0,865.6,5.7
907,8950,65.0,58829.0,Petrol,110.0,0.0,0,1600,3,1050,0,905.1,5.4
908,8250,66.0,58654.0,Petrol,110.0,1.0,0,1600,5,1070,0,888.7,5.5
909,7750,65.0,58300.0,Petrol,86.0,1.0,0,1300,3,1015,0,896.9,5.4
910,8950,60.0,58269.0,Petrol,110.0,,0,1600,3,1050,0,971.2,5.0
911,9950,64.0,58136.0,Petrol,110.0,1.0,0,1600,5,1075,0,908.4,5.3
912,9450,66.0,58113.0,Petrol,107.0,1.0,1,1600,3,1085,0,880.5,5.5
913,12950,67.0,58058.0,Petrol,110.0,1.0,0,1600,3,1065,0,866.5,5.6
914,9950,58.0,58000.0,Petrol,110.0,1.0,0,1600,3,1050,0,1000.0,4.8
915,10495,62.0,58000.0,Petrol,110.0,1.0,0,1600,3,1065,0,935.5,5.2
916,7950,68.0,57565.0,Petrol,86.0,,0,1300,5,1035,0,846.5,5.7
917,10500,63.0,57413.0,Petrol,107.0,0.0,1,1600,5,1115,0,911.3,5.2
918,8950,65.0,57374.0,Petrol,110.0,1.0,0,1600,5,1075,0,882.7,5.4
919,9900,62.0,57179.0,Petrol,110.0,1.0,0,1600,5,1075,0,922.2,5.2
920,9995,61.0,57169.0,Petrol,110.0,1.0,0,1600,3,1065,0,937.2,5.1
921,9950,63.0,57124.0,Petrol,110.0,1.0,0,1600,3,1065,0,906.7,5.2
922,9950,63.0,57000.0,Petrol,110.0,,0,1600,3,1050,0,904.8,5.2
923,8250,67.0,57000.0,Petrol,110.0,0.0,0,1600,3,1050,0,850.7,5.6
924,9950,63.0,57000.0,Petrol,86.0,1.0,0,1300,5,1035,0,904.8,5.2
925,8950,59.0,56259.0,Petrol,86.0,0.0,0,1300,3,1015,0,953.5,4.9
926,10950,62.0,56209.0,Petrol,107.0,1.0,1,1600,3,1080,0,906.6,5.2
927,9250,67.0,56074.0,Petrol,86.0,0.0,0,1300,4,1000,0,836.9,5.6
928,9950,63.0,55942.0,Petrol,110.0,1.0,0,1600,5,1070,0,888.0,5.2
929,9995,57.0,55844.0,Petrol,86.0,1.0,0,1300,5,1045,0,979.7,4.8
930,8750,61.0,55747.0,Petrol,86.0,0.0,0,1300,3,1020,0,913.9,5.1
931,10950,58.0,55478.0,Petrol,86.0,0.0,0,1300,5,1045,0,956.5,4.8
932,10350,,55085.0,Petrol,107.0,0.0,1,1600,5,1105,0,,
933,9950,65.0,55061.0,Petrol,110.0,1.0,0,1600,5,1070,0,847.1,5.4
934,8950,65.0,55000.0,Petrol,86.0,1.0,0,1300,3,1015,0,846.2,5.4
935,10950,57.0,55000.0,Petrol,110.0,0.0,0,1600,5,1075,0,964.9,4.8
936,10950,63.0,54936.0,Petrol,110.0,1.0,0,1600,5,1075,0,872.0,5.2
937,8950,68.0,54875.0,Petrol,110.0,1.0,0,1600,5,1070,0,807.0,5.7
938,8900,67.0,54847.0,Petrol,110.0,0.0,0,1600,3,1050,0,818.6,5.6
939,10250,60.0,54554.0,Petrol,110.0,,0,1600,3,1065,0,909.2,5.0
940,9450,61.0,54125.0,Petrol,110.0,1.0,0,1600,5,1035,0,887.3,5.1
941,9250,61.0,54000.0,Petrol,110.0,1.0,0,1600,3,1055,0,885.2,5.1
942,10500,57.0,54000.0,Petrol,110.0,1.0,0,1600,5,1075,0,947.4,4.8
943,7350,58.0,54000.0,Petrol,86.0,0.0,0,1300,5,1035,0,931.0,4.8
944,10250,57.0,54000.0,Petrol,110.0,1.0,0,1600,3,1135,0,947.4,4.8
945,10250,62.0,53285.0,Petrol,110.0,1.0,0,1600,5,1075,0,859.4,5.2
946,11500,65.0,53053.0,,110.0,1.0,0,1600,5,1075,0,816.2,5.4
947,8950,68.0,53000.0,Petrol,110.0,1.0,1,1587,3,1075,0,779.4,5.7
948,7750,,53000.0,Petrol,86.0,0.0,0,1300,3,1015,0,,
949,9500,64.0,52968.0,Petrol,110.0,1.0,0,1600,3,1050,0,827.6,5.3
950,8450,67.0,52800.0,Petrol,86.0,1.0,0,1300,3,1015,0,788.1,5.6
951,8950,57.0,52548.0,Petrol,110.0,0.0,0,1600,3,1050,0,921.9,4.8
952,8400,60.0,52487.0,Petrol,110.0,1.0,0,1600,4,1035,0,874.8,5.0
953,9250,66.0,52383.0,Petrol,86.0,0.0,0,1300,3,1015,0,793.7,5.5
954,8900,61.0,52112.0,Petrol,110.0,1.0,0,1600,4,1035,0,854.3,5.1
955,8750,58.0,51712.0,Petrol,110.0,0.0,0,1600,3,1050,0,891.6,4.8
956,10950,58.0,51421.0,Petrol,110.0,0.0,1,1600,5,1105,0,886.6,4.8
957,8950,61.0,51235.0,Petrol,86.0,1.0,0,1300,4,1000,0,839.9,5.1
958,8950,65.0,51000.0,,86.0,1.0,0,1300,3,1015,0,784.6,5.4
959,8895,61.0,50925.0,Petrol,110.0,1.0,0,1600,5,1070,0,834.8,5.1
960,9390,66.0,50806.0,Petrol,86.0,0.0,0,1300,3,1480,0,769.8,5.5
961,8750,59.0,50469.0,Petrol,110.0,1.0,0,1600,5,1070,0,855.4,4.9
962,9750,61.0,50173.0,Petrol,110.0,1.0,0,1600,5,1075,0,822.5,5.1
963,9950,62.0,50000.0,Petrol,110.0,1.0,0,1600,5,1075,0,806.5,5.2
964,10950,65.0,49942.0,,110.0,0.0,0,1600,3,1065,0,768.3,5.4
965,9900,67.0,49585.0,Petrol,110.0,0.0,0,1600,5,1085,0,740.1,5.6
966,9500,62.0,49258.0,Petrol,110.0,1.0,0,1600,4,1035,0,794.5,5.2
967,9950,61.0,49000.0,Petrol,110.0,0.0,0,1600,3,1050,0,803.3,5.1
968,9950,63.0,48738.0,Petrol,110.0,0.0,0,1600,5,1055,0,773.6,5.2
969,10500,62.0,47750.0,Petrol,86.0,1.0,0,1300,5,1040,0,770.2,5.2
970,9950,63.0,47612.0,Petrol,86.0,0.0,0,1300,3,1015,0,755.7,5.2
971,10495,68.0,47500.0,Petrol,86.0,,0,1300,5,1035,0,698.5,5.7
972,9500,,47237.0,Petrol,110.0,0.0,0,1600,3,1050,0,,
973,8500,58.0,47171.0,Petrol,86.0,1.0,0,1300,3,1015,0,813.3,4.8
974,10450,60.0,47060.0,Petrol,110.0,0.0,0,1600,4,1035,0,784.3,5.0
975,8950,65.0,47014.0,Petrol,86.0,,0,1300,3,1015,0,723.3,5.4
976,9900,59.0,46929.0,Petrol,86.0,1.0,0,1300,3,1025,0,795.4,4.9
977,8900,,46000.0,Petrol,86.0,0.0,0,1300,5,1035,0,,
978,8745,65.0,45681.0,Petrol,110.0,0.0,0,1600,3,1050,0,702.8,5.4
979,8750,65.0,45549.0,Petrol,86.0,,0,1300,3,1015,0,700.8,5.4
980,10750,57.0,45000.0,Petrol,110.0,1.0,0,1600,5,1050,0,789.5,4.8
981,9750,57.0,45000.0,,110.0,1.0,0,1600,3,1050,0,789.5,4.8
982,8850,65.0,45000.0,Petrol,110.0,0.0,0,1600,5,1075,0,692.3,5.4
983,7950,66.0,45000.0,Petrol,86.0,1.0,0,1300,5,1035,0,681.8,5.5
984,9450,63.0,45000.0,Petrol,110.0,1.0,0,1600,4,1035,0,714.3,5.2
985,9950,61.0,45000.0,Petrol,107.0,0.0,1,1600,3,1085,0,737.7,5.1
986,8250,63.0,44944.0,Petrol,110.0,,0,1600,4,1035,0,713.4,5.2
987,9950,61.0,44597.0,Petrol,86.0,,0,1300,3,1015,0,731.1,5.1
988,9995,,44458.0,Petrol,86.0,0.0,0,1300,3,1015,0,,
989,9950,59.0,43818.0,Petrol,110.0,0.0,0,1600,5,1070,0,742.7,4.9
990,10495,60.0,43426.0,Petrol,110.0,1.0,0,1600,5,1070,0,723.8,5.0
991,7950,,43000.0,,110.0,,1,1600,4,1114,0,,
992,8950,68.0,43000.0,Petrol,110.0,1.0,0,1600,5,1035,0,632.4,5.7
993,9695,57.0,43000.0,Petrol,110.0,0.0,0,1600,5,1075,0,754.4,4.8
994,7750,64.0,43000.0,Petrol,86.0,,0,1300,3,1015,0,671.9,5.3
995,9950,68.0,42750.0,,110.0,,0,1600,3,1050,0,628.7,5.7
996,9950,67.0,42102.0,Petrol,110.0,,0,1600,5,1075,0,628.4,5.6
997,9950,63.0,41586.0,Petrol,110.0,1.0,0,1600,5,1114,0,660.1,5.2
998,9900,64.0,41200.0,Petrol,110.0,,0,1600,5,1070,0,643.8,5.3
999,10950,57.0,40214.0,Petrol,86.0,0.0,0,1300,3,1025,0,705.5,4.8
1000,8950,60.0,40000.0,Petrol,86.0,1.0,0,1300,4,1000,0,666.7,5.0
1001,8950,66.0,39222.0,,86.0,1.0,1,1300,3,1045,0,594.3,5.5
1002,8250,66.0,39144.0,Petrol,110.0,1.0,0,1600,3,1050,0,593.1,5.5
1003,10250,62.0,39000.0,Petrol,110.0,1.0,0,1600,5,1075,0,629.0,5.2
1004,8750,61.0,38019.0,Petrol,110.0,1.0,0,1600,5,1070,0,623.3,5.1
1005,9750,,37759.0,Petrol,110.0,1.0,0,1600,5,1070,0,,
1006,10950,61.0,37500.0,Petrol,110.0,0.0,0,1600,5,1085,0,614.8,5.1
1007,10950,60.0,37111.0,Petrol,110.0,1.0,0,1600,3,1050,0,618.5,5.0
1008,9750,62.0,37000.0,Petrol,86.0,0.0,0,1300,3,1015,0,596.8,5.2
1009,8900,59.0,36954.0,Petrol,110.0,1.0,0,1600,3,1050,0,626.3,4.9
1010,9500,60.0,36943.0,Petrol,110.0,0.0,0,1600,5,1070,0,615.7,5.0
1011,9950,63.0,36923.0,Petrol,86.0,0.0,0,1300,5,1050,0,586.1,5.2
1012,9950,66.0,36658.0,Petrol,110.0,0.0,0,1600,3,1050,0,555.4,5.5
1013,8250,65.0,36000.0,Petrol,86.0,1.0,0,1300,3,1015,0,553.8,5.4
1014,10450,65.0,36000.0,Petrol,110.0,,0,1600,3,1065,0,553.8,5.4
1015,10950,62.0,35512.0,Petrol,110.0,1.0,0,1600,3,1065,0,572.8,5.2
1016,9250,65.0,35283.0,Petrol,86.0,1.0,0,1300,3,1015,0,542.8,5.4
1017,8900,68.0,35000.0,Petrol,110.0,1.0,0,1600,3,1050,0,514.7,5.7
1018,10900,57.0,35000.0,Petrol,86.0,1.0,0,1300,5,1045,0,614.0,4.8
1019,9750,64.0,34114.0,Petrol,110.0,0.0,0,1600,3,1050,0,533.0,5.3
1020,11950,58.0,34000.0,Petrol,110.0,0.0,0,1600,5,1075,0,586.2,4.8
1021,7900,68.0,33847.0,Petrol,86.0,1.0,0,1300,4,1000,0,497.8,5.7
1022,10900,57.0,33535.0,Petrol,110.0,0.0,0,1600,4,1035,0,588.3,4.8
1023,10450,65.0,33000.0,Petrol,110.0,0.0,0,1600,3,1050,0,507.7,5.4
1024,10950,59.0,32150.0,Petrol,110.0,1.0,0,1600,5,1085,0,544.9,4.9
1025,9950,65.0,31588.0,Petrol,86.0,1.0,0,1300,3,1015,0,486.0,5.4
1026,10750,,31480.0,Petrol,110.0,1.0,0,1600,3,1065,0,,
1027,9900,57.0,31307.0,Petrol,110.0,1.0,0,1600,5,1070,0,549.2,4.8
1028,10750,68.0,31000.0,Petrol,110.0,1.0,0,1600,4,1035,0,455.9,5.7
1029,10450,58.0,30634.0,Petrol,110.0,1.0,0,1600,5,1075,0,528.2,4.8
1030,9450,68.0,30300.0,Petrol,86.0,1.0,0,1300,4,1000,0,445.6,5.7
1031,10750,60.0,28500.0,,86.0,1.0,1,1300,3,1045,0,475.0,5.0
1032,10950,60.0,28500.0,Petrol,110.0,0.0,0,1600,5,1075,0,475.0,5.0
1033,10000,57.0,28000.0,Petrol,86.0,,0,1300,3,1015,0,491.2,4.8
1034,10500,68.0,26698.0,Petrol,110.0,0.0,0,1600,3,1055,0,392.6,5.7
1035,12500,62.0,26000.0,Petrol,107.0,,1,1600,3,1085,0,419.4,5.2
1036,8950,62.0,25505.0,Petrol,86.0,1.0,0,1300,5,1035,0,411.4,5.2
1037,10500,58.0,25000.0,Petrol,110.0,1.0,0,1600,5,1075,0,431.0,4.8
1038,9245,66.0,22835.0,Petrol,110.0,1.0,0,1600,3,1050,0,346.0,5.5
1039,10950,59.0,22705.0,,110.0,1.0,0,1600,5,1075,0,384.8,4.9
1040,9500,,22178.0,Petrol,86.0,1.0,0,1300,3,1015,0,,
1041,10900,62.0,17345.0,,110.0,1.0,0,1600,3,1050,0,279.8,5.2
1042,10950,67.0,15535.0,Petrol,86.0,,1,1300,4,1030,0,231.9,5.6
1043,9450,66.0,15110.0,Petrol,86.0,0.0,0,1300,5,1035,0,228.9,5.5
1044,5900,73.0,232940.0,Diesel,72.0,0.0,0,2000,5,1172,0,3191.0,6.1
1045,6950,79.0,218118.0,Diesel,72.0,0.0,0,2000,5,1150,0,2761.0,6.6
1046,6000,78.0,217764.0,Diesel,72.0,1.0,0,2000,5,1135,0,2791.8,6.5
1047,5250,79.0,207114.0,CNG,110.0,1.0,0,1600,5,1114,0,2621.7,6.6
1048,4400,74.0,203254.0,Diesel,72.0,1.0,0,2000,3,1135,0,2746.7,6.2
1049,6750,77.0,,Diesel,72.0,1.0,0,2000,4,1100,0,,6.4
1050,8500,69.0,197501.0,Diesel,72.0,0.0,0,2000,5,1135,0,2862.3,5.8
1051,6150,80.0,194765.0,Diesel,72.0,0.0,0,2000,3,1120,0,2434.6,6.7
1052,6950,76.0,191620.0,Diesel,72.0,0.0,0,2000,5,1150,0,2521.3,6.3
1053,5750,76.0,183277.0,Diesel,72.0,0.0,0,2000,3,1115,0,2411.5,6.3
1054,8750,78.0,180378.0,,72.0,1.0,0,2000,4,1100,0,2312.5,6.5
1055,6500,70.0,178800.0,Diesel,72.0,0.0,0,2000,3,1115,0,2554.3,5.8
1056,5950,73.0,176177.0,Petrol,110.0,,0,1600,5,1075,0,2413.4,6.1
1057,6500,78.0,176000.0,Petrol,86.0,0.0,0,1300,5,1035,0,2256.4,6.5
1058,10500,77.0,172980.0,Diesel,72.0,,0,2000,5,1135,0,2246.5,6.4
1059,8500,77.0,170000.0,Diesel,72.0,0.0,0,2000,4,1100,0,2207.8,6.4
1060,7950,71.0,164000.0,Petrol,110.0,1.0,0,1600,3,1050,0,2309.9,5.9
1061,5800,78.0,161775.0,Petrol,86.0,,0,1300,3,1015,0,2074.0,6.5
1062,6750,80.0,160000.0,Petrol,86.0,0.0,0,1300,3,1015,0,2000.0,6.7
1063,6950,78.0,159968.0,Diesel,72.0,0.0,0,2000,3,1115,0,2050.9,6.5
1064,5740,74.0,159908.0,Petrol,110.0,0.0,0,1600,3,1050,0,2160.9,6.2
1065,6550,73.0,158492.0,Petrol,86.0,0.0,0,1300,3,1015,0,2171.1,6.1
1066,8950,69.0,156204.0,Diesel,72.0,1.0,0,2000,3,1115,0,2263.8,5.8
1067,6750,73.0,156169.0,Petrol,86.0,1.0,0,1300,5,1035,0,2139.3,6.1
1068,7950,78.0,155210.0,Petrol,110.0,0.0,0,1600,3,1050,0,1989.9,6.5
1069,7950,69.0,155000.0,Diesel,72.0,0.0,0,2000,3,1115,0,2246.4,5.8
1070,7450,76.0,154900.0,Diesel,72.0,1.0,0,2000,5,1140,0,2038.2,6.3
1071,7750,70.0,151300.0,Diesel,72.0,1.0,0,2000,5,1150,0,2161.4,5.8
1072,6450,71.0,151000.0,CNG,110.0,1.0,0,1600,5,1094,0,2126.8,5.9
1073,7900,75.0,150000.0,Diesel,72.0,1.0,0,2000,3,1135,0,2000.0,6.2
1074,6900,69.0,146304.0,Diesel,72.0,,0,2000,3,1115,0,2120.3,5.8
1075,5600,75.0,146197.0,Petrol,86.0,0.0,0,1300,3,1015,0,1949.3,6.2
1076,5950,77.0,145996.0,Petrol,110.0,0.0,0,1600,4,1035,0,1896.1,6.4
1077,6950,80.0,143560.0,Petrol,86.0,1.0,1,1300,3,1045,0,1794.5,6.7
1078,7950,71.0,139145.0,Diesel,73.0,0.0,0,2000,2,1115,0,1959.8,5.9
1079,8950,,138500.0,Petrol,86.0,0.0,0,1300,5,1050,0,,
1080,7950,74.0,137741.0,Diesel,90.0,1.0,0,2000,5,1135,0,1861.4,6.2
1081,9500,80.0,137178.0,Diesel,90.0,1.0,0,2000,5,1135,0,1714.7,6.7
1082,8600,,134889.0,Diesel,72.0,1.0,0,2000,3,1115,0,,
1083,5950,71.0,134660.0,Diesel,72.0,0.0,0,2000,5,1135,0,1896.6,5.9
1084,7750,73.0,134539.0,Petrol,110.0,,0,1600,5,1070,0,1843.0,6.1
1085,7950,79.0,131500.0,Diesel,72.0,0.0,0,2000,5,1140,0,1664.6,6.6
1086,6950,77.0,131307.0,Petrol,110.0,,0,1600,3,1050,0,1705.3,6.4
1087,7250,74.0,130025.0,Petrol,110.0,1.0,0,1600,3,1050,0,1757.1,6.2
1088,6500,78.0,130000.0,Petrol,86.0,,0,1300,5,1015,0,1666.7,6.5
1089,7250,77.0,128960.0,Petrol,110.0,1.0,0,1600,5,1070,0,1674.8,6.4
1090,9250,80.0,128351.0,,110.0,1.0,0,1600,5,1070,0,1604.4,6.7
1091,8250,73.0,128006.0,Petrol,110.0,1.0,0,1600,3,1050,0,1753.5,6.1
1092,7250,71.0,127159.0,Diesel,72.0,1.0,0,2000,3,1115,0,1791.0,5.9
1093,5250,72.0,126478.0,Petrol,110.0,1.0,0,1600,4,1035,0,1756.6,6.0
1094,7900,77.0,126000.0,Petrol,110.0,1.0,0,1600,5,1050,0,1636.4,6.4
1095,6900,76.0,125778.0,Petrol,110.0,0.0,0,1600,3,1050,0,1655.0,6.3
1096,7900,75.0,125400.0,Petrol,110.0,0.0,0,1600,3,1050,0,1672.0,6.2
1097,7250,74.0,124910.0,Diesel,72.0,0.0,0,2000,5,1135,0,1688.0,6.2
1098,8450,70.0,124743.0,Petrol,110.0,1.0,0,1600,3,1050,0,1782.0,5.8
1099,7950,,124591.0,Petrol,110.0,1.0,0,1600,5,1075,0,,
1100,7950,74.0,124057.0,Petrol,110.0,1.0,0,1600,3,1050,0,1676.4,6.2
1101,6450,72.0,123403.0,Petrol,110.0,1.0,0,1600,3,1050,0,1713.9,6.0
1102,6650,75.0,123104.0,Petrol,110.0,1.0,0,1600,5,1070,0,1641.4,6.2
1103,7950,74.0,123077.0,Petrol,86.0,,0,1300,3,1015,0,1663.2,6.2
1104,7250,80.0,122820.0,Petrol,86.0,0.0,0,1300,5,1040,0,1535.2,6.7
1105,7450,77.0,122290.0,Petrol,110.0,0.0,0,1600,3,1050,0,1588.2,6.4
1106,7950,74.0,121900.0,Petrol,110.0,1.0,0,1600,4,1035,0,1647.3,6.2
1107,7250,,121545.0,Petrol,110.0,1.0,0,1600,5,1070,0,,
1108,8250,71.0,120474.0,Diesel,72.0,,0,2000,3,1115,0,1696.8,5.9
1109,8950,76.0,120263.0,Diesel,72.0,1.0,0,2000,5,1135,0,1582.4,6.3
1110,7750,74.0,120196.0,Petrol,110.0,1.0,0,1600,3,1050,0,1624.3,6.2
1111,8500,71.0,120000.0,Petrol,110.0,0.0,0,1600,5,1085,0,1690.1,5.9
1112,7750,78.0,120000.0,Petrol,110.0,0.0,0,1600,5,1075,0,1538.5,6.5
1113,5750,73.0,115877.0,Petrol,110.0,0.0,0,1600,4,1035,0,1587.4,6.1
1114,6900,76.0,115345.0,Petrol,110.0,1.0,0,1600,5,1070,0,1517.7,6.3
1115,6500,,115157.0,Petrol,110.0,1.0,0,1600,3,1050,0,,
1116,6500,78.0,115000.0,Petrol,107.0,1.0,1,1600,5,1100,0,1474.4,6.5
1117,7600,77.0,114258.0,Petrol,86.0,1.0,0,1300,5,1050,0,1483.9,6.4
1118,8950,73.0,112963.0,Diesel,72.0,1.0,0,2000,5,1135,0,1547.4,6.1
1119,7450,74.0,112307.0,Petrol,110.0,1.0,0,1600,5,1070,0,1517.7,6.2
1120,7350,72.0,,Petrol,86.0,1.0,0,1300,3,1015,0,,6.0
1121,7750,73.0,111602.0,Petrol,86.0,,0,1300,3,1015,0,1528.8,6.1
1122,7460,80.0,111392.0,CNG,110.0,0.0,0,1598,3,1083,0,1392.4,6.7
1123,9250,76.0,110901.0,Petrol,110.0,1.0,0,1600,5,1085,0,1459.2,6.3
1124,7250,80.0,110887.0,Petrol,110.0,1.0,0,1600,3,1055,0,1386.1,6.7
1125,6500,72.0,110634.0,Petrol,86.0,1.0,0,1300,3,1015,0,1536.6,6.0
1126,6800,80.0,110000.0,Petrol,110.0,1.0,0,1600,4,1035,0,1375.0,6.7
1127,8700,75.0,109540.0,Petrol,110.0,0.0,0,1600,5,1085,0,1460.5,6.2
1128,7500,,109263.0,Petrol,110.0,0.0,0,1600,5,1070,0,,
1129,7750,71.0,107516.0,Petrol,110.0,,0,1600,3,1050,0,1514.3,5.9
1130,7950,73.0,107108.0,Petrol,110.0,1.0,0,1600,3,1050,0,1467.2,6.1
1131,9950,75.0,107000.0,Petrol,110.0,1.0,0,1600,3,1050,0,1426.7,6.2
1132,6640,74.0,106250.0,Petrol,110.0,0.0,0,1600,5,1070,0,1435.8,6.2
1133,8750,71.0,106150.0,Petrol,86.0,0.0,0,1300,3,1015,0,1495.1,5.9
1134,7750,72.0,106108.0,Petrol,110.0,,0,1600,3,1050,0,1473.7,6.0
1135,5950,72.0,105856.0,Petrol,86.0,0.0,0,1300,3,1015,0,1470.2,6.0
1136,6750,77.0,105152.0,Petrol,86.0,0.0,0,1300,3,1015,0,1365.6,6.4
1137,6500,80.0,105135.0,Petrol,110.0,1.0,0,1600,3,1050,0,1314.2,6.7
1138,8750,76.0,104344.0,Petrol,110.0,1.0,0,1600,3,1050,0,1372.9,6.3
1139,7950,74.0,104150.0,Petrol,110.0,1.0,0,1600,3,1050,0,1407.4,6.2
1140,6750,74.0,104000.0,Petrol,86.0,1.0,0,1300,3,1010,0,1405.4,6.2
1141,7950,73.0,103121.0,Petrol,86.0,1.0,0,1300,5,1035,0,1412.6,6.1
1142,7950,80.0,102300.0,Petrol,86.0,1.0,0,1300,3,1015,0,1278.8,6.7
1143,8950,75.0,102005.0,Petrol,107.0,1.0,1,1600,5,1105,0,1360.1,6.2
1144,7750,77.0,102000.0,Petrol,86.0,1.0,0,1300,3,1015,0,1324.7,6.4
1145,6450,75.0,101855.0,Petrol,110.0,1.0,0,1600,5,1070,0,1358.1,6.2
1146,6900,74.0,101773.0,Petrol,110.0,0.0,0,1600,3,1050,0,1375.3,6.2
1147,8450,75.0,101159.0,Petrol,110.0,1.0,0,1600,5,1085,0,1348.8,6.2
1148,6750,74.0,101000.0,Petrol,86.0,0.0,0,1300,3,1015,0,1364.9,6.2
1149,8050,74.0,100732.0,Petrol,86.0,1.0,1,1300,4,1030,0,1361.2,6.2
1150,9500,79.0,100719.0,Petrol,110.0,0.0,0,1600,5,1070,0,1274.9,6.6
1151,7750,78.0,100487.0,Petrol,110.0,0.0,0,1600,4,1035,0,1288.3,6.5
1152,8500,80.0,100458.0,Petrol,110.0,0.0,0,1600,5,1085,0,1255.7,6.7
1153,7795,75.0,100192.0,Petrol,110.0,1.0,0,1600,3,1050,0,1335.9,6.2
1154,6490,80.0,100123.0,Petrol,110.0,1.0,0,1600,3,1050,0,1251.5,6.7
1155,7950,73.0,99971.0,Petrol,110.0,1.0,0,1600,3,1050,0,1369.5,6.1
1156,6425,79.0,99397.0,Petrol,86.0,0.0,0,1300,5,1035,0,1258.2,6.6
1157,8950,69.0,99374.0,Petrol,86.0,1.0,0,1300,5,1035,0,1440.2,5.8
1158,6950,72.0,99245.0,Petrol,110.0,1.0,0,1600,5,1114,0,1378.4,6.0
1159,8750,79.0,98742.0,Petrol,110.0,0.0,0,1600,5,1085,0,1249.9,6.6
1160,8450,71.0,98154.0,Petrol,110.0,1.0,0,1600,3,1050,0,1382.5,5.9
1161,7950,77.0,98000.0,Petrol,110.0,1.0,0,1600,5,1065,0,1272.7,6.4
1162,7950,80.0,97548.0,Petrol,86.0,0.0,0,1300,5,1035,0,1219.4,6.7
1163,8900,78.0,97534.0,Petrol,110.0,1.0,0,1600,5,1070,0,1250.4,6.5
1164,8950,73.0,97494.0,Petrol,110.0,1.0,0,1600,5,1085,0,1335.5,6.1
1165,8900,73.0,97085.0,Petrol,110.0,1.0,0,1600,5,1085,0,1329.9,6.1
1166,7950,69.0,97000.0,Petrol,110.0,0.0,0,1600,4,1035,0,1405.8,5.8
1167,6495,74.0,96302.0,Petrol,86.0,1.0,0,1300,3,1015,0,1301.4,6.2
1168,7250,78.0,96000.0,Petrol,86.0,1.0,0,1300,3,1015,0,1230.8,6.5
1169,9250,,96000.0,Petrol,110.0,1.0,0,1600,5,1085,0,,
1170,6650,78.0,95909.0,Petrol,110.0,1.0,0,1600,5,1070,0,1229.6,6.5
1171,6990,79.0,95700.0,Petrol,110.0,0.0,0,1600,5,1085,0,1211.4,6.6
1172,7750,78.0,95651.0,Petrol,110.0,1.0,0,1600,5,1070,0,1226.3,6.5
1173,6950,79.0,95000.0,,86.0,1.0,0,1300,5,1035,0,1202.5,6.6
1174,7250,80.0,94447.0,Petrol,110.0,0.0,0,1600,3,1050,0,1180.6,6.7
1175,9950,,94079.0,Petrol,110.0,1.0,0,1600,5,1085,0,,
1176,9250,,93841.0,Petrol,110.0,0.0,0,1600,5,1070,0,,
1177,7200,79.0,93090.0,,86.0,1.0,0,1300,5,1035,0,1178.4,6.6
1178,8250,72.0,93066.0,Petrol,110.0,1.0,0,1600,5,1075,0,1292.6,6.0
1179,8950,79.0,93039.0,Petrol,110.0,1.0,0,1600,3,1050,0,1177.7,6.6
1180,8250,77.0,93000.0,,110.0,1.0,0,1600,5,1075,0,1207.8,6.4
1181,6250,80.0,92830.0,Petrol,86.0,1.0,0,1300,3,1015,0,1160.4,6.7
1182,9900,80.0,92255.0,Petrol,107.0,0.0,1,1600,5,1105,0,1153.2,6.7
1183,7300,80.0,92096.0,Petrol,86.0,1.0,0,1300,5,1035,0,1151.2,6.7
1184,8950,72.0,91921.0,Petrol,86.0,1.0,0,1300,3,1020,0,1276.7,6.0
1185,6500,70.0,91900.0,Petrol,86.0,1.0,0,1300,3,1015,0,1312.9,5.8
1186,7950,78.0,91399.0,Petrol,110.0,1.0,0,1600,5,1070,0,1171.8,6.5
1187,7450,75.0,91082.0,Petrol,110.0,,0,1600,3,1050,0,1214.4,6.2
1188,7950,71.0,90370.0,Petrol,86.0,1.0,0,1300,5,1035,0,1272.8,5.9
1189,8500,78.0,90345.0,Petrol,86.0,1.0,0,1300,5,1035,0,1158.3,6.5
1190,6950,77.0,90305.0,Petrol,86.0,1.0,0,1300,3,1015,0,1172.8,6.4
1191,7950,78.0,90011.0,Petrol,86.0,0.0,1,1300,3,1045,0,1154.0,6.5
1192,6750,77.0,90000.0,,86.0,1.0,0,1300,3,1015,0,1168.8,6.4
1193,8450,70.0,89983.0,Petrol,110.0,0.0,0,1600,3,1055,0,1285.5,5.8
1194,7500,78.0,89953.0,Petrol,110.0,0.0,0,1600,5,1114,0,1153.2,6.5
1195,8750,74.0,89800.0,Diesel,72.0,1.0,0,2000,3,1115,0,1213.5,6.2
1196,8750,79.0,89739.0,Petrol,86.0,1.0,0,1300,5,1035,0,1135.9,6.6
1197,8950,76.0,89520.0,Petrol,110.0,1.0,0,1600,3,1050,0,1177.9,6.3
1198,7450,,89507.0,Petrol,86.0,0.0,0,1300,3,1015,0,,
1199,9200,69.0,89096.0,Petrol,110.0,1.0,0,1600,5,1085,0,1291.2,5.8
1200,8950,74.0,88700.0,Petrol,110.0,1.0,0,1600,3,1050,0,1198.6,6.2
1201,7850,72.0,88500.0,Petrol,110.0,,0,1600,5,1075,0,1229.2,6.0
1202,6950,73.0,88186.0,Diesel,72.0,1.0,0,2000,3,1115,0,1208.0,6.1
1203,7200,75.0,88000.0,Petrol,110.0,1.0,0,1600,3,1050,0,1173.3,6.2
1204,7450,78.0,87743.0,Petrol,110.0,0.0,0,1600,3,1055,0,1124.9,6.5
1205,6750,75.0,87613.0,Petrol,86.0,0.0,0,1300,3,1015,0,1168.2,6.2
1206,7500,73.0,87358.0,Petrol,110.0,1.0,0,1600,3,1050,0,1196.7,6.1
1207,7450,,87083.0,Petrol,110.0,0.0,0,1600,4,1035,0,,
1208,7950,70.0,87000.0,Petrol,110.0,,0,1600,4,1035,0,1242.9,5.8
1209,7250,78.0,87000.0,Petrol,110.0,1.0,0,1600,4,1035,0,1115.4,6.5
1210,7950,,87000.0,Petrol,86.0,1.0,0,1300,3,1015,0,,
1211,8250,80.0,87000.0,Petrol,86.0,1.0,0,1300,3,1015,0,1087.5,6.7
1212,8250,72.0,86860.0,Petrol,110.0,0.0,0,1600,5,1075,0,1206.4,6.0
1213,6750,80.0,86109.0,Petrol,110.0,1.0,0,1600,3,1055,0,1076.4,6.7
1214,8750,79.0,86000.0,,86.0,1.0,0,1300,5,1040,0,1088.6,6.6
1215,8950,80.0,86000.0,Petrol,110.0,0.0,0,1600,3,1050,0,1075.0,6.7
1216,8500,70.0,85864.0,Diesel,72.0,1.0,0,2000,5,1135,0,1226.6,5.8
1217,8250,80.0,85565.0,Petrol,110.0,0.0,0,1600,5,1070,0,1069.6,6.7
1218,9450,70.0,85470.0,Petrol,107.0,0.0,1,1600,3,1080,0,1221.0,5.8
1219,7950,73.0,85200.0,Petrol,110.0,1.0,0,1600,3,1050,0,1167.1,6.1
1220,7900,70.0,85000.0,Petrol,110.0,1.0,0,1600,3,1055,0,1214.3,5.8
1221,8500,73.0,84988.0,Petrol,110.0,1.0,0,1600,3,1050,0,1164.2,6.1
1222,8250,79.0,84966.0,Petrol,110.0,0.0,0,1600,5,1070,0,1075.5,6.6
1223,8250,76.0,84472.0,Petrol,110.0,1.0,0,1600,5,1070,0,1111.5,6.3
1224,8950,73.0,84402.0,Petrol,110.0,1.0,0,1600,4,1035,0,1156.2,6.1
1225,7950,74.0,84123.0,Petrol,110.0,0.0,0,1600,3,1050,0,1136.8,6.2
1226,6950,,84000.0,Petrol,110.0,0.0,0,1600,5,1075,0,,
1227,7250,78.0,84000.0,Petrol,110.0,1.0,0,1600,5,1065,0,1076.9,6.5
1228,7750,77.0,84000.0,Petrol,110.0,1.0,0,1600,5,1085,0,1090.9,6.4
1229,8700,75.0,83850.0,Petrol,110.0,,0,1600,3,1055,0,1118.0,6.2
1230,8950,,83540.0,Petrol,110.0,1.0,0,1600,5,1070,0,,
1231,6750,76.0,83405.0,Petrol,110.0,1.0,0,1600,5,1070,0,1097.4,6.3
1232,7500,71.0,83291.0,Petrol,110.0,1.0,0,1600,5,1070,0,1173.1,5.9
1233,7950,69.0,83133.0,Petrol,86.0,0.0,0,1300,3,1015,0,1204.8,5.8
1234,8950,71.0,83047.0,,86.0,1.0,1,1300,3,1045,0,1169.7,5.9
1235,7950,71.0,82700.0,Petrol,110.0,0.0,0,1600,3,1050,0,1164.8,5.9
1236,7450,,82675.0,Petrol,86.0,0.0,0,1300,3,1015,0,,
1237,5950,78.0,82595.0,,86.0,1.0,0,1300,3,1015,0,1058.9,6.5
1238,7750,75.0,82256.0,Petrol,110.0,1.0,0,1600,3,1050,0,1096.7,6.2
1239,6950,77.0,82103.0,Petrol,86.0,1.0,0,1300,3,1015,0,1066.3,6.4
1240,8750,80.0,82021.0,Petrol,86.0,1.0,0,1300,5,1035,0,1025.3,6.7
1241,8950,71.0,82000.0,,110.0,1.0,0,1600,5,1075,0,1154.9,5.9
1242,7495,79.0,81988.0,Petrol,110.0,1.0,0,1600,5,1070,0,1037.8,6.6
1243,7750,76.0,81930.0,Petrol,110.0,,0,1600,5,1070,0,1078.0,6.3
1244,6950,70.0,81663.0,,110.0,0.0,0,1600,3,1050,0,1166.6,5.8
1245,7990,77.0,80486.0,Petrol,,1.0,0,1600,5,1070,0,1045.3,6.4
1246,7250,78.0,80000.0,Petrol,110.0,1.0,0,1600,4,1065,0,1025.6,6.5
1247,6900,69.0,79000.0,Petrol,86.0,0.0,0,1300,3,1015,0,1144.9,5.8
1248,7750,74.0,78894.0,Petrol,110.0,0.0,0,1600,5,1070,0,1066.1,6.2
1249,7250,,78689.0,Petrol,110.0,0.0,0,1600,4,1035,0,,
1250,8950,77.0,78435.0,Petrol,86.0,0.0,0,1300,3,1015,0,1018.6,6.4
1251,8500,71.0,78260.0,Petrol,110.0,0.0,0,1600,3,1050,0,1102.3,5.9
1252,7950,72.0,78120.0,,110.0,1.0,0,1600,5,1075,0,1085.0,6.0
1253,6950,77.0,77000.0,Petrol,86.0,,0,1300,3,1015,0,1000.0,6.4
1254,8000,,77000.0,Petrol,110.0,0.0,0,1600,3,1050,0,,
1255,7950,75.0,76382.0,Petrol,110.0,,0,1600,3,1055,0,1018.4,6.2
1256,8500,76.0,76268.0,Petrol,86.0,1.0,0,1300,3,1015,0,1003.5,6.3
1257,7490,73.0,76151.0,Petrol,86.0,1.0,0,1300,3,1015,0,1043.2,6.1
1258,8250,80.0,76000.0,Petrol,110.0,,0,1600,3,1050,0,950.0,6.7
1259,9250,71.0,76000.0,Petrol,110.0,1.0,0,1600,5,1070,0,1070.4,5.9
1260,7950,72.0,75840.0,Petrol,86.0,0.0,0,1300,5,1035,0,1053.3,6.0
1261,9500,77.0,75799.0,Petrol,110.0,1.0,0,1600,3,1050,0,984.4,6.4
1262,8950,72.0,75525.0,Petrol,110.0,1.0,0,1600,3,1114,0,1049.0,6.0
1263,8450,78.0,75323.0,Petrol,86.0,1.0,0,1300,5,1050,0,965.7,6.5
1264,7995,79.0,75322.0,Petrol,110.0,1.0,0,1600,4,1115,0,953.4,6.6
1265,8750,78.0,75226.0,Petrol,110.0,0.0,0,1600,4,1035,0,964.4,6.5
1266,5950,71.0,75085.0,Petrol,86.0,0.0,0,1300,5,1035,0,1057.5,5.9
1267,8500,73.0,75000.0,Petrol,110.0,0.0,0,1600,5,1075,0,1027.4,6.1
1268,8950,69.0,75000.0,Petrol,86.0,1.0,0,1300,4,1000,0,1087.0,5.8
1269,8750,69.0,75000.0,Petrol,86.0,1.0,0,1300,4,1000,0,1087.0,5.8
1270,7600,78.0,74926.0,Petrol,110.0,1.0,0,1600,5,1075,0,960.6,6.5
1271,7145,80.0,74785.0,Petrol,110.0,1.0,0,1600,5,1070,0,934.8,6.7
1272,8450,69.0,74573.0,Petrol,110.0,1.0,0,1600,5,1085,0,1080.8,5.8
1273,5950,,74567.0,Petrol,86.0,1.0,0,1300,3,1015,0,,
1274,9000,80.0,74196.0,Petrol,110.0,,0,1600,5,1075,0,927.4,6.7
1275,7250,80.0,74151.0,Petrol,110.0,1.0,0,1600,3,1050,0,926.9,6.7
1276,7400,75.0,74096.0,Petrol,110.0,1.0,0,1600,3,1050,0,987.9,6.2
1277,8800,79.0,74093.0,Petrol,110.0,1.0,0,1600,5,1075,0,937.9,6.6
1278,7750,71.0,74000.0,Petrol,110.0,0.0,0,1600,3,1050,0,1042.3,5.9
1279,7500,75.0,74000.0,Petrol,86.0,1.0,0,1300,3,1015,0,986.7,6.2
1280,8450,78.0,73638.0,Petrol,86.0,1.0,1,1300,4,1015,0,944.1,6.5
1281,7400,,73460.0,Petrol,110.0,1.0,0,1600,5,1070,0,,
1282,7500,80.0,73200.0,Petrol,110.0,1.0,0,1600,5,1070,0,915.0,6.7
1283,8950,76.0,73116.0,Petrol,110.0,1.0,0,1600,5,1075,0,962.1,6.3
1284,8950,,73014.0,Petrol,110.0,,0,1600,5,1075,0,,
1285,7950,77.0,72703.0,Petrol,110.0,1.0,0,1600,3,1050,0,944.2,6.4
1286,7950,79.0,72328.0,Petrol,110.0,1.0,0,1600,5,1075,0,915.5,6.6
1287,7950,78.0,72222.0,Petrol,110.0,1.0,0,1600,5,1070,0,925.9,6.5
1288,8950,71.0,72128.0,Petrol,107.0,1.0,1,1600,5,1100,0,1015.9,5.9
1289,7750,78.0,72090.0,Petrol,110.0,1.0,0,1600,5,1070,0,924.2,6.5
1290,8250,78.0,72000.0,Petrol,110.0,1.0,0,1600,4,1035,0,923.1,6.5
1291,7950,78.0,72000.0,Petrol,110.0,0.0,0,1600,3,1055,0,923.1,6.5
1292,7750,77.0,71900.0,Petrol,86.0,1.0,0,1300,3,1015,0,933.8,6.4
1293,8500,77.0,71825.0,Petrol,110.0,0.0,0,1600,5,1075,0,932.8,6.4
1294,6950,80.0,71740.0,Petrol,110.0,1.0,0,1600,5,1070,0,896.8,6.7
1295,7500,80.0,71500.0,Petrol,110.0,1.0,0,1600,4,1035,0,893.8,6.7
1296,7750,79.0,71359.0,Petrol,110.0,1.0,0,1600,3,1050,0,903.3,6.6
1297,5950,79.0,71263.0,Petrol,86.0,,0,1300,3,1015,0,902.1,6.6
1298,7500,78.0,71186.0,Petrol,110.0,0.0,0,1600,3,1050,0,912.6,6.5
1299,8950,72.0,71054.0,Petrol,86.0,0.0,1,1300,3,1045,0,986.9,6.0
1300,7950,76.0,71000.0,Petrol,110.0,1.0,0,1600,3,1050,0,934.2,6.3
1301,6900,80.0,70939.0,Petrol,110.0,1.0,1,1600,5,1100,0,886.7,6.7
1302,7450,77.0,70932.0,Petrol,110.0,1.0,0,1600,3,1050,0,921.2,6.4
1303,8500,80.0,70597.0,Petrol,107.0,1.0,1,1600,3,1080,0,882.5,6.7
1304,7500,73.0,70482.0,Petrol,110.0,1.0,0,1600,5,1075,0,965.5,6.1
1305,8750,77.0,70124.0,Petrol,110.0,1.0,0,1600,3,1050,0,910.7,6.4
1306,7500,76.0,70039.0,,110.0,1.0,0,1600,3,1050,0,921.6,6.3
1307,9950,80.0,69904.0,Petrol,110.0,0.0,0,1600,5,1070,0,873.8,6.7
1308,7950,75.0,69388.0,Petrol,86.0,0.0,0,1300,3,1010,0,925.2,6.2
1309,9950,75.0,69320.0,Petrol,110.0,1.0,0,1600,5,1070,0,924.3,6.2
1310,9250,78.0,69000.0,Petrol,110.0,,0,1600,5,1075,0,884.6,6.5
1311,9250,73.0,68988.0,Petrol,86.0,1.0,0,1300,5,1035,0,945.0,6.1
1312,9950,,68945.0,Petrol,110.0,1.0,0,1600,5,1085,0,,
1313,5950,74.0,68285.0,Petrol,110.0,1.0,0,1600,3,1050,0,922.8,6.2
1314,7995,,68000.0,,110.0,1.0,0,1600,5,1075,0,,
1315,8950,,68000.0,Petrol,86.0,1.0,1,1300,3,1045,0,,
1316,7450,75.0,67451.0,Petrol,86.0,1.0,0,1300,4,1000,0,899.3,6.2
1317,8250,,67266.0,Petrol,86.0,1.0,0,1300,5,1035,0,,
1318,8500,78.0,67255.0,Petrol,110.0,0.0,0,1600,5,1085,0,862.2,6.5
1319,8500,70.0,67100.0,Petrol,110.0,1.0,0,1600,5,1075,0,958.6,5.8
1320,9400,69.0,67092.0,Diesel,72.0,,0,2000,3,1115,0,972.3,5.8
1321,7250,80.0,66880.0,Petrol,110.0,1.0,0,1600,3,1055,0,836.0,6.7
1322,8950,79.0,66855.0,Petrol,110.0,1.0,0,1600,5,1075,0,846.3,6.6
1323,9450,80.0,66843.0,Petrol,110.0,1.0,0,1600,5,1075,0,835.5,6.7
1324,8500,74.0,66718.0,Petrol,110.0,1.0,0,1600,3,1050,0,901.6,6.2
1325,6750,80.0,66168.0,Petrol,86.0,1.0,0,1300,3,1015,0,827.1,6.7
1326,7400,80.0,65950.0,Petrol,110.0,0.0,0,1600,5,1070,0,824.4,6.7
1327,8950,78.0,65500.0,Petrol,86.0,1.0,0,1300,3,1015,0,839.7,6.5
1328,6900,80.0,65307.0,Petrol,110.0,1.0,0,1600,3,1055,0,816.3,6.7
1329,7750,79.0,65254.0,Petrol,86.0,1.0,0,1300,3,1015,0,826.0,6.6
1330,8950,71.0,65021.0,Diesel,72.0,,0,2000,3,1115,0,915.8,5.9
1331,6950,75.0,65006.0,Petrol,86.0,1.0,0,1300,3,1015,0,866.7,6.2
1332,8495,77.0,64280.0,Petrol,110.0,0.0,0,1600,4,1035,0,834.8,6.4
1333,10000,75.0,64000.0,Petrol,107.0,0.0,1,1600,3,1085,0,853.3,6.2
1334,6999,71.0,64000.0,Petrol,110.0,,0,1600,5,1070,0,901.4,5.9
1335,8950,80.0,64000.0,Petrol,110.0,0.0,0,1600,3,1055,0,800.0,6.7
1336,8500,79.0,63918.0,,110.0,,0,1600,4,1035,0,809.1,6.6
1337,8750,75.0,63634.0,Petrol,110.0,1.0,0,1600,4,1035,0,848.5,6.2
1338,7499,80.0,63500.0,Petrol,110.0,1.0,0,1600,3,1050,0,793.8,6.7
1339,9000,,63266.0,Petrol,110.0,1.0,0,1600,4,1035,0,,
1340,8950,77.0,62595.0,Petrol,110.0,1.0,0,1600,3,1050,0,812.9,6.4
1341,6950,80.0,62581.0,Petrol,110.0,0.0,0,1600,5,1075,0,782.3,6.7
1342,8500,77.0,62285.0,Petrol,110.0,1.0,0,1600,5,1075,0,808.9,6.4
1343,8450,77.0,61906.0,Petrol,86.0,1.0,1,1300,5,1065,0,804.0,6.4
1344,8950,74.0,61700.0,Petrol,110.0,0.0,0,1600,5,1070,0,833.8,6.2
1345,8250,77.0,61648.0,Petrol,110.0,1.0,0,1600,5,1070,0,800.6,6.4
1346,7950,75.0,61626.0,Petrol,86.0,0.0,0,1300,5,1035,0,821.7,6.2
1347,7450,70.0,61510.0,Petrol,110.0,0.0,0,1600,4,1035,0,878.7,5.8
1348,9000,79.0,61165.0,Petrol,107.0,1.0,1,1600,3,1080,0,774.2,6.6
1349,7150,70.0,61000.0,Petrol,110.0,1.0,0,1600,4,1035,0,871.4,5.8
1350,7750,76.0,60833.0,Petrol,110.0,1.0,0,1600,4,1035,0,800.4,6.3
1351,5845,70.0,60600.0,Petrol,86.0,0.0,0,1300,3,1060,0,865.7,5.8
1352,8500,72.0,60483.0,Petrol,110.0,1.0,0,1600,5,1075,0,840.0,6.0
1353,8250,80.0,60476.0,Petrol,110.0,,0,1600,5,1114,0,756.0,6.7
1354,9450,79.0,60142.0,Petrol,110.0,0.0,0,1600,3,1050,0,761.3,6.6
1355,6750,69.0,60050.0,Petrol,110.0,1.0,0,1600,3,1050,0,870.3,5.8
1356,8400,77.0,60000.0,Petrol,110.0,1.0,0,1600,3,1050,0,779.2,6.4
1357,7900,76.0,60000.0,Petrol,110.0,0.0,0,1600,3,1050,0,789.5,6.3
1358,7950,76.0,59815.0,Petrol,110.0,1.0,0,1587,3,1055,0,787.0,6.3
1359,8750,80.0,59326.0,Petrol,110.0,,0,1600,5,1085,0,741.6,6.7
1360,9900,73.0,59240.0,Petrol,110.0,1.0,0,1600,3,1050,0,811.5,6.1
1361,6495,71.0,59164.0,Petrol,110.0,0.0,0,1600,4,1035,0,833.3,5.9
1362,8250,70.0,59017.0,Petrol,107.0,1.0,1,1600,3,1080,0,843.1,5.8
1363,6900,69.0,58952.0,Petrol,110.0,1.0,0,1600,3,1050,0,854.4,5.8
1364,7500,74.0,58454.0,,86.0,1.0,0,1300,3,1015,0,789.9,6.2
1365,7950,75.0,58341.0,Petrol,86.0,1.0,1,1300,4,1030,0,777.9,6.2
1366,8250,80.0,58267.0,Petrol,110.0,1.0,0,1600,5,1070,0,728.3,6.7
1367,8950,80.0,58000.0,Petrol,110.0,0.0,0,1600,3,1055,0,725.0,6.7
1368,9750,70.0,57829.0,Petrol,110.0,0.0,0,1600,3,1050,0,826.1,5.8
1369,8250,80.0,57787.0,Petrol,86.0,0.0,0,1300,3,1015,0,722.3,6.7
1370,8900,78.0,57628.0,Petrol,110.0,0.0,0,1600,5,1075,0,738.8,6.5
1371,8950,75.0,57537.0,Petrol,86.0,1.0,0,1300,5,1050,0,767.2,6.2
1372,6750,76.0,57263.0,Petrol,110.0,1.0,0,1600,3,1050,0,753.5,6.3
1373,7950,75.0,57144.0,Petrol,110.0,1.0,0,1600,5,1070,0,761.9,6.2
1374,8600,69.0,57096.0,Petrol,86.0,1.0,0,1300,3,1025,0,827.5,5.8
1375,7750,,57000.0,Petrol,86.0,0.0,0,1300,4,1000,0,,
1376,7800,,56566.0,Petrol,110.0,1.0,0,1600,3,1050,0,,
1377,8750,73.0,56307.0,Petrol,110.0,1.0,0,1600,3,1050,0,771.3,6.1
1378,9500,79.0,56214.0,Petrol,86.0,0.0,0,1300,3,1015,0,711.6,6.6
1379,7750,,56132.0,Petrol,110.0,0.0,0,1600,4,1035,0,,
1380,9950,79.0,55425.0,Petrol,110.0,0.0,0,1600,5,1075,0,701.6,6.6
1381,7750,77.0,54439.0,Petrol,86.0,1.0,0,1300,3,1015,0,707.0,6.4
1382,5950,69.0,53809.0,Petrol,110.0,1.0,0,1600,3,1050,0,779.8,5.8
1383,10950,76.0,53133.0,Petrol,110.0,1.0,0,1600,5,1070,0,699.1,6.3
1384,9450,77.0,52900.0,Petrol,110.0,1.0,0,1600,4,1075,0,687.0,6.4
1385,8250,80.0,52700.0,Petrol,110.0,0.0,0,1600,3,1050,0,658.8,6.7
1386,9750,69.0,52320.0,Petrol,110.0,0.0,0,1600,5,1070,0,758.3,5.8
1387,7450,78.0,52287.0,Petrol,110.0,0.0,0,1600,5,1114,0,670.3,6.5
1388,8750,75.0,52000.0,Petrol,110.0,,0,1600,5,1075,0,693.3,6.2
1389,8750,69.0,52000.0,Petrol,110.0,1.0,0,1600,3,1050,0,753.6,5.8
1390,8500,73.0,52000.0,Petrol,110.0,1.0,1,1600,4,1065,0,712.3,6.1
1391,8950,70.0,51874.0,Petrol,86.0,0.0,0,1300,4,1000,0,741.1,5.8
1392,7500,79.0,49827.0,Petrol,86.0,,0,1300,5,1035,0,630.7,6.6
1393,7250,69.0,49640.0,,110.0,1.0,0,1600,4,1035,0,719.4,5.8
1394,7450,80.0,49580.0,,110.0,1.0,0,1600,4,1035,0,619.8,6.7
1395,8750,76.0,49170.0,,86.0,,0,1300,3,1045,0,647.0,6.3
1396,9800,77.0,48838.0,Petrol,110.0,0.0,0,1600,3,1055,0,634.3,6.4
1397,7500,71.0,48576.0,Petrol,86.0,1.0,0,1300,3,1015,0,684.2,5.9
1398,8950,75.0,48400.0,Petrol,110.0,1.0,0,1600,5,1075,0,645.3,6.2
1399,8950,74.0,48242.0,Petrol,86.0,1.0,0,1300,5,1035,0,651.9,6.2
1400,7450,70.0,47955.0,Petrol,110.0,1.0,0,1600,5,1070,0,685.1,5.8
1401,8950,71.0,47633.0,Petrol,110.0,1.0,0,1600,5,1075,0,670.9,5.9
1402,10500,,47400.0,Petrol,86.0,1.0,0,1300,5,1040,0,,
1403,7000,73.0,47360.0,,86.0,0.0,0,1300,3,1010,0,648.8,6.1
1404,8500,77.0,45507.0,Petrol,110.0,1.0,0,1600,3,1050,0,591.0,6.4
1405,7750,76.0,45410.0,Petrol,86.0,1.0,0,1300,5,1035,0,597.5,6.3
1406,8950,70.0,44850.0,Petrol,110.0,1.0,0,1600,3,1050,0,640.7,5.8
1407,8250,69.0,44826.0,Petrol,110.0,0.0,0,1600,5,1075,0,649.7,5.8
1408,9250,,44444.0,Petrol,110.0,1.0,0,1600,3,1050,0,,
1409,7900,75.0,43720.0,Petrol,110.0,,0,1600,5,1070,0,582.9,6.2
1410,8500,78.0,43622.0,Petrol,86.0,1.0,0,1300,4,1000,0,559.3,6.5
1411,7950,76.0,43532.0,Petrol,110.0,0.0,0,1600,5,1070,0,572.8,6.3
1412,9950,69.0,42800.0,Petrol,110.0,1.0,0,1600,3,1050,0,620.3,5.8
1413,8750,74.0,42317.0,Petrol,107.0,1.0,1,1600,5,1100,0,571.9,6.2
1414,7500,80.0,42186.0,Petrol,110.0,1.0,0,1600,3,1050,0,527.3,6.7
1415,6950,72.0,42000.0,Petrol,110.0,,0,1600,3,1050,0,583.3,6.0
1416,8950,,40093.0,Petrol,110.0,0.0,0,1600,5,1114,0,,
1417,8750,79.0,39800.0,Petrol,107.0,0.0,1,1600,3,1080,0,503.8,6.6
1418,7750,73.0,39168.0,Petrol,86.0,,0,1300,3,1015,0,536.5,6.1
1419,8450,75.0,38945.0,Petrol,110.0,,0,1600,3,1050,0,519.3,6.2
1420,8150,76.0,36537.0,,110.0,0.0,1,1600,4,1075,0,480.8,6.3
1421,8500,78.0,,Petrol,86.0,0.0,1,1300,3,1045,0,,6.5
1422,7600,,36000.0,,110.0,1.0,0,1600,3,1050,0,,
1423,7950,80.0,35821.0,Petrol,86.0,0.0,1,1300,3,1015,0,447.8,6.7
1424,7750,73.0,34717.0,Petrol,86.0,0.0,0,1300,3,1015,0,475.6,6.1
1425,7950,80.0,,Petrol,86.0,1.0,0,1300,4,1000,0,,6.7
1426,9950,78.0,30964.0,Petrol,110.0,,1,1600,3,1080,0,397.0,6.5
1427,8950,,29000.0,Petrol,86.0,1.0,1,1300,3,1045,0,,
1428,8450,72.0,,Petrol,86.0,,0,1300,3,1015,0,,6.0
1429,8950,78.0,24000.0,Petrol,86.0,1.0,1,1300,5,1065,0,307.7,6.5
1430,8450,80.0,23000.0,Petrol,86.0,0.0,0,1300,3,1015,0,287.5,6.7
1431,7500,,20544.0,Petrol,86.0,1.0,0,1300,3,1025,0,,
1432,10845,72.0,,Petrol,86.0,0.0,0,1300,3,1015,0,,6.0
1433,8500,,17016.0,Petrol,86.0,0.0,0,1300,3,1015,0,,
1434,7250,70.0,,,86.0,1.0,0,1300,3,1015,0,,5.8
1435,6950,76.0,1.0,Petrol,110.0,0.0,0,1600,5,1114,0,0.0,6.3
